DEPARTAMENTO,PROVINCIA,SEXO,rango_edad,mes_fallecimiento,cantidad_fallecidos,nivel_intensidad
AMAZONAS,BAGUA,FEMENINO,30-44,6,1,BAJO
AMAZONAS,BAGUA,FEMENINO,30-44,7,1,BAJO
AMAZONAS,BAGUA,FEMENINO,45-59,6,2,MEDIO
AMAZONAS,BAGUA,FEMENINO,45-59,7,1,BAJO
AMAZONAS,BAGUA,FEMENINO,60-74,6,7,ALTO
AMAZONAS,BAGUA,FEMENINO,60-74,7,5,ALTO
AMAZONAS,BAGUA,FEMENINO,75+,6,1,BAJO
AMAZONAS,BAGUA,FEMENINO,75+,7,3,MEDIO
AMAZONAS,BAGUA,MASCULINO,30-44,6,1,BAJO
AMAZONAS,BAGUA,MASCULINO,30-44,7,1,BAJO
AMAZONAS,BAGUA,MASCULINO,45-59,5,3,MEDIO
AMAZONAS,BAGUA,MASCULINO,45-59,6,3,MEDIO
AMAZONAS,BAGUA,MASCULINO,45-59,7,4,ALTO
AMAZONAS,BAGUA,MASCULINO,45-59,8,2,MEDIO
AMAZONAS,BAGUA,MASCULINO,60-74,5,1,BAJO
AMAZONAS,BAGUA,MASCULINO,60-74,6,12,ALTO
AMAZONAS,BAGUA,MASCULINO,60-74,7,12,ALTO
AMAZONAS,BAGUA,MASCULINO,60-74,8,2,MEDIO
AMAZONAS,BAGUA,MASCULINO,75+,5,1,BAJO
AMAZONAS,BAGUA,MASCULINO,75+,6,10,ALTO
AMAZONAS,BAGUA,MASCULINO,75+,7,14,ALTO
AMAZONAS,BAGUA,MASCULINO,75+,8,1,BAJO
AMAZONAS,BONGARA,MASCULINO,45-59,7,1,BAJO
AMAZONAS,BONGARA,MASCULINO,60-74,7,1,BAJO
AMAZONAS,BONGARA,MASCULINO,60-74,8,1,BAJO
AMAZONAS,BONGARA,MASCULINO,75+,8,1,BAJO
AMAZONAS,CHACHAPOYAS,FEMENINO,45-59,8,1,BAJO
AMAZONAS,CHACHAPOYAS,MASCULINO,45-59,8,1,BAJO
AMAZONAS,CHACHAPOYAS,MASCULINO,60-74,7,1,BAJO
AMAZONAS,CHACHAPOYAS,MASCULINO,60-74,8,2,MEDIO
AMAZONAS,CHACHAPOYAS,MASCULINO,75+,7,1,BAJO
AMAZONAS,CONDORCANQUI,FEMENINO,30-44,5,1,BAJO
AMAZONAS,CONDORCANQUI,FEMENINO,45-59,5,1,BAJO
AMAZONAS,CONDORCANQUI,MASCULINO,18-29,6,1,BAJO
AMAZONAS,CONDORCANQUI,MASCULINO,30-44,6,2,MEDIO
AMAZONAS,CONDORCANQUI,MASCULINO,30-44,7,1,BAJO
AMAZONAS,CONDORCANQUI,MASCULINO,45-59,7,1,BAJO
AMAZONAS,CONDORCANQUI,MASCULINO,60-74,6,4,ALTO
AMAZONAS,CONDORCANQUI,MASCULINO,60-74,7,5,ALTO
AMAZONAS,CONDORCANQUI,MASCULINO,75+,6,3,MEDIO
AMAZONAS,CONDORCANQUI,MASCULINO,75+,7,2,MEDIO
AMAZONAS,LUYA,FEMENINO,60-74,7,1,BAJO
AMAZONAS,LUYA,MASCULINO,18-29,5,1,BAJO
AMAZONAS,LUYA,MASCULINO,45-59,7,1,BAJO
AMAZONAS,LUYA,MASCULINO,60-74,5,1,BAJO
AMAZONAS,LUYA,MASCULINO,60-74,7,1,BAJO
AMAZONAS,LUYA,MASCULINO,75+,6,1,BAJO
AMAZONAS,NO REGISTRADO,MASCULINO,45-59,5,1,BAJO
AMAZONAS,NO REGISTRADO,MASCULINO,75+,5,3,MEDIO
AMAZONAS,RODRIGUEZ DE MENDOZA,FEMENINO,18-29,7,1,BAJO
AMAZONAS,RODRIGUEZ DE MENDOZA,MASCULINO,30-44,6,1,BAJO
AMAZONAS,RODRIGUEZ DE MENDOZA,MASCULINO,45-59,6,1,BAJO
AMAZONAS,UTCUBAMBA,FEMENINO,30-44,5,1,BAJO
AMAZONAS,UTCUBAMBA,FEMENINO,45-59,5,1,BAJO
AMAZONAS,UTCUBAMBA,FEMENINO,45-59,7,1,BAJO
AMAZONAS,UTCUBAMBA,FEMENINO,45-59,8,1,BAJO
AMAZONAS,UTCUBAMBA,FEMENINO,60-74,6,2,MEDIO
AMAZONAS,UTCUBAMBA,FEMENINO,60-74,8,2,MEDIO
AMAZONAS,UTCUBAMBA,FEMENINO,75+,5,2,MEDIO
AMAZONAS,UTCUBAMBA,FEMENINO,75+,6,2,MEDIO
AMAZONAS,UTCUBAMBA,FEMENINO,75+,7,1,BAJO
AMAZONAS,UTCUBAMBA,MASCULINO,18-29,6,1,BAJO
AMAZONAS,UTCUBAMBA,MASCULINO,30-44,5,1,BAJO
AMAZONAS,UTCUBAMBA,MASCULINO,30-44,6,1,BAJO
AMAZONAS,UTCUBAMBA,MASCULINO,30-44,7,1,BAJO
AMAZONAS,UTCUBAMBA,MASCULINO,45-59,5,2,MEDIO
AMAZONAS,UTCUBAMBA,MASCULINO,45-59,6,6,ALTO
AMAZONAS,UTCUBAMBA,MASCULINO,45-59,7,1,BAJO
AMAZONAS,UTCUBAMBA,MASCULINO,60-74,5,2,MEDIO
AMAZONAS,UTCUBAMBA,MASCULINO,60-74,6,10,ALTO
AMAZONAS,UTCUBAMBA,MASCULINO,60-74,7,4,ALTO
AMAZONAS,UTCUBAMBA,MASCULINO,60-74,8,1,BAJO
AMAZONAS,UTCUBAMBA,MASCULINO,75+,5,4,ALTO
AMAZONAS,UTCUBAMBA,MASCULINO,75+,6,7,ALTO
ANCASH,AIJA,FEMENINO,60-74,7,1,BAJO
ANCASH,AIJA,MASCULINO,60-74,6,1,BAJO
ANCASH,BOLOGNESI,FEMENINO,45-59,7,1,BAJO
ANCASH,BOLOGNESI,MASCULINO,30-44,7,1,BAJO
ANCASH,BOLOGNESI,MASCULINO,60-74,8,1,BAJO
ANCASH,CARHUAZ,FEMENINO,45-59,7,1,BAJO
ANCASH,CARHUAZ,FEMENINO,60-74,4,1,BAJO
ANCASH,CARHUAZ,FEMENINO,60-74,5,1,BAJO
ANCASH,CARHUAZ,FEMENINO,75+,6,1,BAJO
ANCASH,CARHUAZ,FEMENINO,75+,7,1,BAJO
ANCASH,CARHUAZ,MASCULINO,45-59,7,2,MEDIO
ANCASH,CARHUAZ,MASCULINO,60-74,6,2,MEDIO
ANCASH,CARLOS FERMIN FITZCARRALD,MASCULINO,75+,6,1,BAJO
ANCASH,CASMA,FEMENINO,18-29,5,1,BAJO
ANCASH,CASMA,FEMENINO,45-59,6,3,MEDIO
ANCASH,CASMA,FEMENINO,60-74,4,1,BAJO
ANCASH,CASMA,FEMENINO,60-74,6,5,ALTO
ANCASH,CASMA,FEMENINO,75+,5,1,BAJO
ANCASH,CASMA,FEMENINO,75+,6,5,ALTO
ANCASH,CASMA,FEMENINO,75+,7,3,MEDIO
ANCASH,CASMA,FEMENINO,75+,8,2,MEDIO
ANCASH,CASMA,MASCULINO,30-44,8,1,BAJO
ANCASH,CASMA,MASCULINO,45-59,4,1,BAJO
ANCASH,CASMA,MASCULINO,45-59,5,3,MEDIO
ANCASH,CASMA,MASCULINO,45-59,6,2,MEDIO
ANCASH,CASMA,MASCULINO,45-59,7,2,MEDIO
ANCASH,CASMA,MASCULINO,60-74,4,1,BAJO
ANCASH,CASMA,MASCULINO,60-74,5,2,MEDIO
ANCASH,CASMA,MASCULINO,60-74,6,8,ALTO
ANCASH,CASMA,MASCULINO,60-74,7,2,MEDIO
ANCASH,CASMA,MASCULINO,75+,4,2,MEDIO
ANCASH,CASMA,MASCULINO,75+,5,1,BAJO
ANCASH,CASMA,MASCULINO,75+,6,2,MEDIO
ANCASH,CASMA,MASCULINO,75+,7,6,ALTO
ANCASH,CORONGO,MASCULINO,60-74,8,1,BAJO
ANCASH,HUARAZ,FEMENINO,18-29,5,1,BAJO
ANCASH,HUARAZ,FEMENINO,30-44,4,1,BAJO
ANCASH,HUARAZ,FEMENINO,45-59,6,1,BAJO
ANCASH,HUARAZ,FEMENINO,45-59,7,3,MEDIO
ANCASH,HUARAZ,FEMENINO,45-59,8,3,MEDIO
ANCASH,HUARAZ,FEMENINO,60-74,5,1,BAJO
ANCASH,HUARAZ,FEMENINO,60-74,6,6,ALTO
ANCASH,HUARAZ,FEMENINO,60-74,7,6,ALTO
ANCASH,HUARAZ,FEMENINO,60-74,8,3,MEDIO
ANCASH,HUARAZ,FEMENINO,75+,6,8,ALTO
ANCASH,HUARAZ,FEMENINO,75+,7,5,ALTO
ANCASH,HUARAZ,FEMENINO,75+,8,1,BAJO
ANCASH,HUARAZ,MASCULINO,30-44,6,5,ALTO
ANCASH,HUARAZ,MASCULINO,30-44,7,3,MEDIO
ANCASH,HUARAZ,MASCULINO,30-44,8,1,BAJO
ANCASH,HUARAZ,MASCULINO,45-59,4,1,BAJO
ANCASH,HUARAZ,MASCULINO,45-59,5,1,BAJO
ANCASH,HUARAZ,MASCULINO,45-59,6,8,ALTO
ANCASH,HUARAZ,MASCULINO,45-59,7,8,ALTO
ANCASH,HUARAZ,MASCULINO,45-59,8,1,BAJO
ANCASH,HUARAZ,MASCULINO,60-74,4,2,MEDIO
ANCASH,HUARAZ,MASCULINO,60-74,5,2,MEDIO
ANCASH,HUARAZ,MASCULINO,60-74,6,16,ALTO
ANCASH,HUARAZ,MASCULINO,60-74,7,4,ALTO
ANCASH,HUARAZ,MASCULINO,60-74,8,9,ALTO
ANCASH,HUARAZ,MASCULINO,75+,5,1,BAJO
ANCASH,HUARAZ,MASCULINO,75+,6,5,ALTO
ANCASH,HUARAZ,MASCULINO,75+,7,13,ALTO
ANCASH,HUARAZ,MASCULINO,75+,8,6,ALTO
ANCASH,HUARI,FEMENINO,60-74,6,2,MEDIO
ANCASH,HUARI,FEMENINO,60-74,8,2,MEDIO
ANCASH,HUARI,MASCULINO,30-44,7,1,BAJO
ANCASH,HUARI,MASCULINO,45-59,5,1,BAJO
ANCASH,HUARI,MASCULINO,45-59,6,2,MEDIO
ANCASH,HUARI,MASCULINO,45-59,8,1,BAJO
ANCASH,HUARI,MASCULINO,60-74,6,1,BAJO
ANCASH,HUARI,MASCULINO,60-74,7,2,MEDIO
ANCASH,HUARMEY,FEMENINO,60-74,6,1,BAJO
ANCASH,HUARMEY,FEMENINO,60-74,7,1,BAJO
ANCASH,HUARMEY,FEMENINO,60-74,8,3,MEDIO
ANCASH,HUARMEY,FEMENINO,75+,8,1,BAJO
ANCASH,HUARMEY,MASCULINO,45-59,4,1,BAJO
ANCASH,HUARMEY,MASCULINO,45-59,7,1,BAJO
ANCASH,HUARMEY,MASCULINO,45-59,8,1,BAJO
ANCASH,HUARMEY,MASCULINO,60-74,4,1,BAJO
ANCASH,HUARMEY,MASCULINO,60-74,6,1,BAJO
ANCASH,HUARMEY,MASCULINO,60-74,8,1,BAJO
ANCASH,HUARMEY,MASCULINO,75+,6,2,MEDIO
ANCASH,HUARMEY,MASCULINO,75+,7,2,MEDIO
ANCASH,HUAYLAS,FEMENINO,45-59,8,2,MEDIO
ANCASH,HUAYLAS,FEMENINO,60-74,7,1,BAJO
ANCASH,HUAYLAS,FEMENINO,60-74,8,2,MEDIO
ANCASH,HUAYLAS,FEMENINO,75+,6,1,BAJO
ANCASH,HUAYLAS,FEMENINO,75+,7,1,BAJO
ANCASH,HUAYLAS,FEMENINO,75+,8,1,BAJO
ANCASH,HUAYLAS,MASCULINO,30-44,6,2,MEDIO
ANCASH,HUAYLAS,MASCULINO,45-59,5,1,BAJO
ANCASH,HUAYLAS,MASCULINO,60-74,7,1,BAJO
ANCASH,HUAYLAS,MASCULINO,60-74,8,2,MEDIO
ANCASH,HUAYLAS,MASCULINO,75+,5,2,MEDIO
ANCASH,HUAYLAS,MASCULINO,75+,6,1,BAJO
ANCASH,MARISCAL LUZURIAGA,FEMENINO,75+,5,1,BAJO
ANCASH,MARISCAL LUZURIAGA,MASCULINO,75+,7,2,MEDIO
ANCASH,NO REGISTRADO,FEMENINO,30-44,4,1,BAJO
ANCASH,NO REGISTRADO,FEMENINO,30-44,5,3,MEDIO
ANCASH,NO REGISTRADO,FEMENINO,45-59,5,5,ALTO
ANCASH,NO REGISTRADO,FEMENINO,60-74,4,2,MEDIO
ANCASH,NO REGISTRADO,FEMENINO,60-74,5,19,ALTO
ANCASH,NO REGISTRADO,FEMENINO,75+,5,10,ALTO
ANCASH,NO REGISTRADO,MASCULINO,30-44,5,8,ALTO
ANCASH,NO REGISTRADO,MASCULINO,45-59,5,23,ALTO
ANCASH,NO REGISTRADO,MASCULINO,60-74,4,1,BAJO
ANCASH,NO REGISTRADO,MASCULINO,60-74,5,40,ALTO
ANCASH,NO REGISTRADO,MASCULINO,75+,4,1,BAJO
ANCASH,NO REGISTRADO,MASCULINO,75+,5,31,ALTO
ANCASH,OCROS,FEMENINO,30-44,5,1,BAJO
ANCASH,OCROS,FEMENINO,75+,7,1,BAJO
ANCASH,OCROS,MASCULINO,75+,7,1,BAJO
ANCASH,PALLASCA,FEMENINO,60-74,5,1,BAJO
ANCASH,PALLASCA,MASCULINO,30-44,6,1,BAJO
ANCASH,PALLASCA,MASCULINO,60-74,6,2,MEDIO
ANCASH,PALLASCA,MASCULINO,60-74,7,1,BAJO
ANCASH,PALLASCA,MASCULINO,75+,7,1,BAJO
ANCASH,POMABAMBA,FEMENINO,60-74,6,1,BAJO
ANCASH,POMABAMBA,FEMENINO,60-74,8,1,BAJO
ANCASH,POMABAMBA,MASCULINO,60-74,6,1,BAJO
ANCASH,POMABAMBA,MASCULINO,75+,6,2,MEDIO
ANCASH,RECUAY,FEMENINO,30-44,6,1,BAJO
ANCASH,RECUAY,FEMENINO,75+,8,2,MEDIO
ANCASH,RECUAY,MASCULINO,45-59,6,1,BAJO
ANCASH,RECUAY,MASCULINO,45-59,7,1,BAJO
ANCASH,RECUAY,MASCULINO,60-74,7,1,BAJO
ANCASH,RECUAY,MASCULINO,60-74,8,1,BAJO
ANCASH,SANTA,FEMENINO,30-44,5,2,MEDIO
ANCASH,SANTA,FEMENINO,30-44,6,2,MEDIO
ANCASH,SANTA,FEMENINO,30-44,7,3,MEDIO
ANCASH,SANTA,FEMENINO,30-44,8,1,BAJO
ANCASH,SANTA,FEMENINO,45-59,4,2,MEDIO
ANCASH,SANTA,FEMENINO,45-59,5,7,ALTO
ANCASH,SANTA,FEMENINO,45-59,6,13,ALTO
ANCASH,SANTA,FEMENINO,45-59,7,8,ALTO
ANCASH,SANTA,FEMENINO,45-59,8,2,MEDIO
ANCASH,SANTA,FEMENINO,60-74,3,1,BAJO
ANCASH,SANTA,FEMENINO,60-74,4,9,ALTO
ANCASH,SANTA,FEMENINO,60-74,5,22,ALTO
ANCASH,SANTA,FEMENINO,60-74,6,36,ALTO
ANCASH,SANTA,FEMENINO,60-74,7,15,ALTO
ANCASH,SANTA,FEMENINO,60-74,8,2,MEDIO
ANCASH,SANTA,FEMENINO,75+,4,10,ALTO
ANCASH,SANTA,FEMENINO,75+,5,15,ALTO
ANCASH,SANTA,FEMENINO,75+,6,33,ALTO
ANCASH,SANTA,FEMENINO,75+,7,10,ALTO
ANCASH,SANTA,FEMENINO,75+,8,7,ALTO
ANCASH,SANTA,MASCULINO,0-17,8,1,BAJO
ANCASH,SANTA,MASCULINO,18-29,7,1,BAJO
ANCASH,SANTA,MASCULINO,30-44,4,6,ALTO
ANCASH,SANTA,MASCULINO,30-44,5,4,ALTO
ANCASH,SANTA,MASCULINO,30-44,6,8,ALTO
ANCASH,SANTA,MASCULINO,30-44,7,3,MEDIO
ANCASH,SANTA,MASCULINO,30-44,8,6,ALTO
ANCASH,SANTA,MASCULINO,45-59,4,11,ALTO
ANCASH,SANTA,MASCULINO,45-59,5,21,ALTO
ANCASH,SANTA,MASCULINO,45-59,6,55,ALTO
ANCASH,SANTA,MASCULINO,45-59,7,16,ALTO
ANCASH,SANTA,MASCULINO,45-59,8,7,ALTO
ANCASH,SANTA,MASCULINO,60-74,4,28,ALTO
ANCASH,SANTA,MASCULINO,60-74,5,48,ALTO
ANCASH,SANTA,MASCULINO,60-74,6,93,ALTO
ANCASH,SANTA,MASCULINO,60-74,7,30,ALTO
ANCASH,SANTA,MASCULINO,60-74,8,16,ALTO
ANCASH,SANTA,MASCULINO,75+,4,8,ALTO
ANCASH,SANTA,MASCULINO,75+,5,23,ALTO
ANCASH,SANTA,MASCULINO,75+,6,58,ALTO
ANCASH,SANTA,MASCULINO,75+,7,31,ALTO
ANCASH,SANTA,MASCULINO,75+,8,16,ALTO
ANCASH,SIHUAS,FEMENINO,45-59,5,1,BAJO
ANCASH,SIHUAS,FEMENINO,75+,7,1,BAJO
ANCASH,SIHUAS,MASCULINO,60-74,4,1,BAJO
ANCASH,SIHUAS,MASCULINO,60-74,5,1,BAJO
ANCASH,YUNGAY,FEMENINO,45-59,5,1,BAJO
ANCASH,YUNGAY,FEMENINO,75+,7,1,BAJO
ANCASH,YUNGAY,FEMENINO,75+,8,1,BAJO
ANCASH,YUNGAY,MASCULINO,30-44,8,1,BAJO
ANCASH,YUNGAY,MASCULINO,60-74,6,1,BAJO
ANCASH,YUNGAY,MASCULINO,60-74,8,2,MEDIO
APURIMAC,ABANCAY,FEMENINO,18-29,8,1,BAJO
APURIMAC,ABANCAY,FEMENINO,30-44,8,1,BAJO
APURIMAC,ABANCAY,FEMENINO,45-59,6,1,BAJO
APURIMAC,ABANCAY,FEMENINO,45-59,8,1,BAJO
APURIMAC,ABANCAY,FEMENINO,60-74,5,1,BAJO
APURIMAC,ABANCAY,FEMENINO,60-74,6,1,BAJO
APURIMAC,ABANCAY,FEMENINO,60-74,7,1,BAJO
APURIMAC,ABANCAY,FEMENINO,60-74,8,1,BAJO
APURIMAC,ABANCAY,FEMENINO,75+,6,1,BAJO
APURIMAC,ABANCAY,FEMENINO,75+,8,2,MEDIO
APURIMAC,ABANCAY,MASCULINO,45-59,8,1,BAJO
APURIMAC,ABANCAY,MASCULINO,60-74,6,1,BAJO
APURIMAC,ABANCAY,MASCULINO,60-74,7,2,MEDIO
APURIMAC,ABANCAY,MASCULINO,60-74,8,1,BAJO
APURIMAC,ABANCAY,MASCULINO,75+,6,2,MEDIO
APURIMAC,ABANCAY,MASCULINO,75+,7,3,MEDIO
APURIMAC,ABANCAY,MASCULINO,75+,8,2,MEDIO
APURIMAC,ANDAHUAYLAS,FEMENINO,0-17,7,1,BAJO
APURIMAC,ANDAHUAYLAS,FEMENINO,45-59,5,1,BAJO
APURIMAC,ANDAHUAYLAS,FEMENINO,45-59,6,1,BAJO
APURIMAC,ANDAHUAYLAS,FEMENINO,45-59,7,1,BAJO
APURIMAC,ANDAHUAYLAS,FEMENINO,60-74,6,1,BAJO
APURIMAC,ANDAHUAYLAS,FEMENINO,75+,6,2,MEDIO
APURIMAC,ANDAHUAYLAS,FEMENINO,75+,7,2,MEDIO
APURIMAC,ANDAHUAYLAS,MASCULINO,18-29,7,1,BAJO
APURIMAC,ANDAHUAYLAS,MASCULINO,45-59,7,1,BAJO
APURIMAC,ANDAHUAYLAS,MASCULINO,45-59,8,1,BAJO
APURIMAC,ANDAHUAYLAS,MASCULINO,60-74,6,3,MEDIO
APURIMAC,ANDAHUAYLAS,MASCULINO,60-74,7,1,BAJO
APURIMAC,ANDAHUAYLAS,MASCULINO,75+,5,1,BAJO
APURIMAC,ANDAHUAYLAS,MASCULINO,75+,6,1,BAJO
APURIMAC,ANDAHUAYLAS,MASCULINO,75+,7,1,BAJO
APURIMAC,ANTABAMBA,MASCULINO,60-74,8,2,MEDIO
APURIMAC,AYMARAES,FEMENINO,60-74,7,1,BAJO
APURIMAC,AYMARAES,FEMENINO,75+,7,1,BAJO
APURIMAC,AYMARAES,MASCULINO,30-44,7,1,BAJO
APURIMAC,AYMARAES,MASCULINO,45-59,7,1,BAJO
APURIMAC,AYMARAES,MASCULINO,60-74,8,1,BAJO
APURIMAC,CHINCHEROS,FEMENINO,45-59,5,1,BAJO
APURIMAC,CHINCHEROS,FEMENINO,60-74,7,1,BAJO
APURIMAC,CHINCHEROS,MASCULINO,75+,7,2,MEDIO
APURIMAC,COTABAMBAS,FEMENINO,45-59,6,1,BAJO
APURIMAC,COTABAMBAS,MASCULINO,60-74,6,1,BAJO
AREQUIPA,AREQUIPA,FEMENINO,0-17,4,1,BAJO
AREQUIPA,AREQUIPA,FEMENINO,0-17,6,1,BAJO
AREQUIPA,AREQUIPA,FEMENINO,18-29,8,1,BAJO
AREQUIPA,AREQUIPA,FEMENINO,30-44,6,4,ALTO
AREQUIPA,AREQUIPA,FEMENINO,30-44,7,6,ALTO
AREQUIPA,AREQUIPA,FEMENINO,30-44,8,1,BAJO
AREQUIPA,AREQUIPA,FEMENINO,45-59,5,2,MEDIO
AREQUIPA,AREQUIPA,FEMENINO,45-59,6,10,ALTO
AREQUIPA,AREQUIPA,FEMENINO,45-59,7,22,ALTO
AREQUIPA,AREQUIPA,FEMENINO,45-59,8,17,ALTO
AREQUIPA,AREQUIPA,FEMENINO,60-74,4,1,BAJO
AREQUIPA,AREQUIPA,FEMENINO,60-74,5,3,MEDIO
AREQUIPA,AREQUIPA,FEMENINO,60-74,6,24,ALTO
AREQUIPA,AREQUIPA,FEMENINO,60-74,7,53,ALTO
AREQUIPA,AREQUIPA,FEMENINO,60-74,8,31,ALTO
AREQUIPA,AREQUIPA,FEMENINO,75+,5,7,ALTO
AREQUIPA,AREQUIPA,FEMENINO,75+,6,25,ALTO
AREQUIPA,AREQUIPA,FEMENINO,75+,7,46,ALTO
AREQUIPA,AREQUIPA,FEMENINO,75+,8,19,ALTO
AREQUIPA,AREQUIPA,MASCULINO,0-17,7,1,BAJO
AREQUIPA,AREQUIPA,MASCULINO,18-29,6,2,MEDIO
AREQUIPA,AREQUIPA,MASCULINO,18-29,7,1,BAJO
AREQUIPA,AREQUIPA,MASCULINO,30-44,4,2,MEDIO
AREQUIPA,AREQUIPA,MASCULINO,30-44,5,1,BAJO
AREQUIPA,AREQUIPA,MASCULINO,30-44,6,8,ALTO
AREQUIPA,AREQUIPA,MASCULINO,30-44,7,11,ALTO
AREQUIPA,AREQUIPA,MASCULINO,30-44,8,4,ALTO
AREQUIPA,AREQUIPA,MASCULINO,45-59,4,2,MEDIO
AREQUIPA,AREQUIPA,MASCULINO,45-59,5,4,ALTO
AREQUIPA,AREQUIPA,MASCULINO,45-59,6,37,ALTO
AREQUIPA,AREQUIPA,MASCULINO,45-59,7,71,ALTO
AREQUIPA,AREQUIPA,MASCULINO,45-59,8,33,ALTO
AREQUIPA,AREQUIPA,MASCULINO,60-74,4,6,ALTO
AREQUIPA,AREQUIPA,MASCULINO,60-74,5,12,ALTO
AREQUIPA,AREQUIPA,MASCULINO,60-74,6,48,ALTO
AREQUIPA,AREQUIPA,MASCULINO,60-74,7,142,ALTO
AREQUIPA,AREQUIPA,MASCULINO,60-74,8,55,ALTO
AREQUIPA,AREQUIPA,MASCULINO,75+,3,1,BAJO
AREQUIPA,AREQUIPA,MASCULINO,75+,4,2,MEDIO
AREQUIPA,AREQUIPA,MASCULINO,75+,5,8,ALTO
AREQUIPA,AREQUIPA,MASCULINO,75+,6,43,ALTO
AREQUIPA,AREQUIPA,MASCULINO,75+,7,105,ALTO
AREQUIPA,AREQUIPA,MASCULINO,75+,8,58,ALTO
AREQUIPA,CAMANA,FEMENINO,45-59,7,1,BAJO
AREQUIPA,CAMANA,MASCULINO,45-59,4,1,BAJO
AREQUIPA,CAMANA,MASCULINO,45-59,7,3,MEDIO
AREQUIPA,CAMANA,MASCULINO,45-59,8,1,BAJO
AREQUIPA,CAMANA,MASCULINO,60-74,7,1,BAJO
AREQUIPA,CAMANA,MASCULINO,60-74,8,3,MEDIO
AREQUIPA,CAMANA,MASCULINO,75+,6,1,BAJO
AREQUIPA,CAMANA,MASCULINO,75+,7,1,BAJO
AREQUIPA,CAMANA,MASCULINO,75+,8,1,BAJO
AREQUIPA,CARAVELI,FEMENINO,45-59,7,1,BAJO
AREQUIPA,CARAVELI,FEMENINO,60-74,7,1,BAJO
AREQUIPA,CARAVELI,FEMENINO,75+,6,1,BAJO
AREQUIPA,CARAVELI,FEMENINO,75+,7,1,BAJO
AREQUIPA,CARAVELI,MASCULINO,45-59,8,1,BAJO
AREQUIPA,CARAVELI,MASCULINO,60-74,7,1,BAJO
AREQUIPA,CARAVELI,MASCULINO,75+,6,1,BAJO
AREQUIPA,CASTILLA,FEMENINO,60-74,7,1,BAJO
AREQUIPA,CASTILLA,FEMENINO,75+,8,2,MEDIO
AREQUIPA,CASTILLA,MASCULINO,60-74,8,1,BAJO
AREQUIPA,CASTILLA,MASCULINO,75+,7,3,MEDIO
AREQUIPA,CAYLLOMA,FEMENINO,45-59,7,1,BAJO
AREQUIPA,CAYLLOMA,FEMENINO,60-74,8,2,MEDIO
AREQUIPA,CAYLLOMA,FEMENINO,75+,7,1,BAJO
AREQUIPA,CAYLLOMA,FEMENINO,75+,8,2,MEDIO
AREQUIPA,CAYLLOMA,MASCULINO,45-59,3,1,BAJO
AREQUIPA,CAYLLOMA,MASCULINO,45-59,6,1,BAJO
AREQUIPA,CAYLLOMA,MASCULINO,45-59,7,3,MEDIO
AREQUIPA,CAYLLOMA,MASCULINO,45-59,8,4,ALTO
AREQUIPA,CAYLLOMA,MASCULINO,60-74,6,3,MEDIO
AREQUIPA,CAYLLOMA,MASCULINO,60-74,7,4,ALTO
AREQUIPA,CAYLLOMA,MASCULINO,60-74,8,3,MEDIO
AREQUIPA,CAYLLOMA,MASCULINO,75+,6,1,BAJO
AREQUIPA,CAYLLOMA,MASCULINO,75+,7,2,MEDIO
AREQUIPA,CAYLLOMA,MASCULINO,75+,8,2,MEDIO
AREQUIPA,ISLAY,FEMENINO,45-59,7,2,MEDIO
AREQUIPA,ISLAY,FEMENINO,45-59,8,1,BAJO
AREQUIPA,ISLAY,FEMENINO,60-74,6,1,BAJO
AREQUIPA,ISLAY,FEMENINO,75+,7,1,BAJO
AREQUIPA,ISLAY,FEMENINO,75+,8,3,MEDIO
AREQUIPA,ISLAY,MASCULINO,30-44,4,1,BAJO
AREQUIPA,ISLAY,MASCULINO,30-44,5,1,BAJO
AREQUIPA,ISLAY,MASCULINO,30-44,7,1,BAJO
AREQUIPA,ISLAY,MASCULINO,45-59,6,2,MEDIO
AREQUIPA,ISLAY,MASCULINO,45-59,7,1,BAJO
AREQUIPA,ISLAY,MASCULINO,45-59,8,1,BAJO
AREQUIPA,ISLAY,MASCULINO,60-74,6,2,MEDIO
AREQUIPA,ISLAY,MASCULINO,60-74,7,1,BAJO
AREQUIPA,ISLAY,MASCULINO,60-74,8,2,MEDIO
AREQUIPA,ISLAY,MASCULINO,75+,7,2,MEDIO
AREQUIPA,ISLAY,MASCULINO,75+,8,3,MEDIO
AREQUIPA,LA UNION,FEMENINO,45-59,8,1,BAJO
AREQUIPA,LA UNION,MASCULINO,60-74,8,1,BAJO
AREQUIPA,NO REGISTRADO,FEMENINO,75+,5,1,BAJO
AREQUIPA,NO REGISTRADO,MASCULINO,45-59,5,1,BAJO
AREQUIPA,NO REGISTRADO,MASCULINO,60-74,5,3,MEDIO
AREQUIPA,NO REGISTRADO,MASCULINO,75+,5,3,MEDIO
AYACUCHO,CANGALLO,FEMENINO,45-59,7,1,BAJO
AYACUCHO,CANGALLO,MASCULINO,60-74,6,1,BAJO
AYACUCHO,CANGALLO,MASCULINO,60-74,7,1,BAJO
AYACUCHO,CANGALLO,MASCULINO,75+,6,1,BAJO
AYACUCHO,CANGALLO,MASCULINO,75+,7,1,BAJO
AYACUCHO,HUAMANGA,FEMENINO,45-59,5,2,MEDIO
AYACUCHO,HUAMANGA,FEMENINO,45-59,7,2,MEDIO
AYACUCHO,HUAMANGA,FEMENINO,45-59,8,1,BAJO
AYACUCHO,HUAMANGA,FEMENINO,60-74,5,2,MEDIO
AYACUCHO,HUAMANGA,FEMENINO,60-74,6,1,BAJO
AYACUCHO,HUAMANGA,FEMENINO,60-74,7,6,ALTO
AYACUCHO,HUAMANGA,FEMENINO,75+,6,1,BAJO
AYACUCHO,HUAMANGA,FEMENINO,75+,7,9,ALTO
AYACUCHO,HUAMANGA,FEMENINO,75+,8,1,BAJO
AYACUCHO,HUAMANGA,MASCULINO,30-44,5,1,BAJO
AYACUCHO,HUAMANGA,MASCULINO,30-44,6,1,BAJO
AYACUCHO,HUAMANGA,MASCULINO,30-44,7,2,MEDIO
AYACUCHO,HUAMANGA,MASCULINO,45-59,6,10,ALTO
AYACUCHO,HUAMANGA,MASCULINO,45-59,7,11,ALTO
AYACUCHO,HUAMANGA,MASCULINO,45-59,8,2,MEDIO
AYACUCHO,HUAMANGA,MASCULINO,60-74,5,4,ALTO
AYACUCHO,HUAMANGA,MASCULINO,60-74,6,13,ALTO
AYACUCHO,HUAMANGA,MASCULINO,60-74,7,16,ALTO
AYACUCHO,HUAMANGA,MASCULINO,60-74,8,3,MEDIO
AYACUCHO,HUAMANGA,MASCULINO,75+,5,1,BAJO
AYACUCHO,HUAMANGA,MASCULINO,75+,6,7,ALTO
AYACUCHO,HUAMANGA,MASCULINO,75+,7,8,ALTO
AYACUCHO,HUAMANGA,MASCULINO,75+,8,2,MEDIO
AYACUCHO,HUANTA,FEMENINO,60-74,7,3,MEDIO
AYACUCHO,HUANTA,FEMENINO,75+,8,1,BAJO
AYACUCHO,HUANTA,MASCULINO,45-59,7,1,BAJO
AYACUCHO,HUANTA,MASCULINO,45-59,8,1,BAJO
AYACUCHO,HUANTA,MASCULINO,60-74,7,3,MEDIO
AYACUCHO,HUANTA,MASCULINO,60-74,8,1,BAJO
AYACUCHO,HUANTA,MASCULINO,75+,5,3,MEDIO
AYACUCHO,HUANTA,MASCULINO,75+,7,1,BAJO
AYACUCHO,LA MAR,FEMENINO,60-74,5,1,BAJO
AYACUCHO,LA MAR,FEMENINO,60-74,6,1,BAJO
AYACUCHO,LA MAR,FEMENINO,75+,7,2,MEDIO
AYACUCHO,LA MAR,MASCULINO,30-44,7,1,BAJO
AYACUCHO,LA MAR,MASCULINO,45-59,6,2,MEDIO
AYACUCHO,LA MAR,MASCULINO,60-74,6,2,MEDIO
AYACUCHO,LA MAR,MASCULINO,60-74,7,1,BAJO
AYACUCHO,LA MAR,MASCULINO,75+,7,1,BAJO
AYACUCHO,LUCANAS,FEMENINO,30-44,6,1,BAJO
AYACUCHO,LUCANAS,FEMENINO,60-74,7,1,BAJO
AYACUCHO,LUCANAS,FEMENINO,75+,5,1,BAJO
AYACUCHO,LUCANAS,FEMENINO,75+,6,2,MEDIO
AYACUCHO,LUCANAS,MASCULINO,30-44,7,1,BAJO
AYACUCHO,LUCANAS,MASCULINO,60-74,7,4,ALTO
AYACUCHO,LUCANAS,MASCULINO,60-74,8,1,BAJO
AYACUCHO,LUCANAS,MASCULINO,75+,5,1,BAJO
AYACUCHO,LUCANAS,MASCULINO,75+,6,2,MEDIO
AYACUCHO,LUCANAS,MASCULINO,75+,7,1,BAJO
AYACUCHO,NO REGISTRADO,FEMENINO,60-74,5,1,BAJO
AYACUCHO,NO REGISTRADO,MASCULINO,30-44,5,2,MEDIO
AYACUCHO,PARINACOCHAS,FEMENINO,75+,7,1,BAJO
AYACUCHO,PARINACOCHAS,MASCULINO,45-59,7,1,BAJO
AYACUCHO,PARINACOCHAS,MASCULINO,60-74,5,1,BAJO
AYACUCHO,PARINACOCHAS,MASCULINO,60-74,6,2,MEDIO
AYACUCHO,PARINACOCHAS,MASCULINO,60-74,7,1,BAJO
AYACUCHO,PAUCAR DEL SARA SARA,FEMENINO,75+,5,1,BAJO
AYACUCHO,PAUCAR DEL SARA SARA,MASCULINO,75+,7,2,MEDIO
AYACUCHO,SUCRE,FEMENINO,60-74,7,1,BAJO
AYACUCHO,SUCRE,FEMENINO,75+,7,1,BAJO
AYACUCHO,SUCRE,MASCULINO,60-74,5,1,BAJO
AYACUCHO,VICTOR FAJARDO,FEMENINO,75+,5,1,BAJO
AYACUCHO,VICTOR FAJARDO,FEMENINO,75+,7,1,BAJO
AYACUCHO,VICTOR FAJARDO,MASCULINO,75+,6,1,BAJO
AYACUCHO,VICTOR FAJARDO,MASCULINO,75+,8,2,MEDIO
AYACUCHO,VILCAS HUAMAN,FEMENINO,75+,6,2,MEDIO
AYACUCHO,VILCAS HUAMAN,MASCULINO,60-74,7,1,BAJO
AYACUCHO,VILCAS HUAMAN,MASCULINO,75+,7,1,BAJO
CAJAMARCA,CAJABAMBA,FEMENINO,30-44,8,1,BAJO
CAJAMARCA,CAJABAMBA,MASCULINO,30-44,6,1,BAJO
CAJAMARCA,CAJABAMBA,MASCULINO,60-74,4,1,BAJO
CAJAMARCA,CAJABAMBA,MASCULINO,60-74,6,3,MEDIO
CAJAMARCA,CAJABAMBA,MASCULINO,60-74,7,2,MEDIO
CAJAMARCA,CAJABAMBA,MASCULINO,75+,6,1,BAJO
CAJAMARCA,CAJABAMBA,MASCULINO,75+,7,1,BAJO
CAJAMARCA,CAJABAMBA,MASCULINO,75+,8,1,BAJO
CAJAMARCA,CAJAMARCA,FEMENINO,30-44,6,2,MEDIO
CAJAMARCA,CAJAMARCA,FEMENINO,30-44,7,1,BAJO
CAJAMARCA,CAJAMARCA,FEMENINO,30-44,8,1,BAJO
CAJAMARCA,CAJAMARCA,FEMENINO,45-59,6,1,BAJO
CAJAMARCA,CAJAMARCA,FEMENINO,45-59,7,1,BAJO
CAJAMARCA,CAJAMARCA,FEMENINO,45-59,8,2,MEDIO
CAJAMARCA,CAJAMARCA,FEMENINO,60-74,6,1,BAJO
CAJAMARCA,CAJAMARCA,FEMENINO,60-74,7,6,ALTO
CAJAMARCA,CAJAMARCA,FEMENINO,60-74,8,2,MEDIO
CAJAMARCA,CAJAMARCA,FEMENINO,75+,6,6,ALTO
CAJAMARCA,CAJAMARCA,FEMENINO,75+,7,11,ALTO
CAJAMARCA,CAJAMARCA,FEMENINO,75+,8,3,MEDIO
CAJAMARCA,CAJAMARCA,MASCULINO,30-44,5,2,MEDIO
CAJAMARCA,CAJAMARCA,MASCULINO,30-44,6,3,MEDIO
CAJAMARCA,CAJAMARCA,MASCULINO,30-44,7,5,ALTO
CAJAMARCA,CAJAMARCA,MASCULINO,30-44,8,3,MEDIO
CAJAMARCA,CAJAMARCA,MASCULINO,45-59,5,1,BAJO
CAJAMARCA,CAJAMARCA,MASCULINO,45-59,6,5,ALTO
CAJAMARCA,CAJAMARCA,MASCULINO,45-59,7,11,ALTO
CAJAMARCA,CAJAMARCA,MASCULINO,45-59,8,6,ALTO
CAJAMARCA,CAJAMARCA,MASCULINO,60-74,5,1,BAJO
CAJAMARCA,CAJAMARCA,MASCULINO,60-74,6,7,ALTO
CAJAMARCA,CAJAMARCA,MASCULINO,60-74,7,20,ALTO
CAJAMARCA,CAJAMARCA,MASCULINO,60-74,8,6,ALTO
CAJAMARCA,CAJAMARCA,MASCULINO,75+,5,1,BAJO
CAJAMARCA,CAJAMARCA,MASCULINO,75+,6,8,ALTO
CAJAMARCA,CAJAMARCA,MASCULINO,75+,7,7,ALTO
CAJAMARCA,CAJAMARCA,MASCULINO,75+,8,8,ALTO
CAJAMARCA,CELENDIN,FEMENINO,45-59,7,1,BAJO
CAJAMARCA,CELENDIN,FEMENINO,75+,5,1,BAJO
CAJAMARCA,CELENDIN,MASCULINO,60-74,6,1,BAJO
CAJAMARCA,CELENDIN,MASCULINO,60-74,7,2,MEDIO
CAJAMARCA,CELENDIN,MASCULINO,75+,6,2,MEDIO
CAJAMARCA,CHOTA,FEMENINO,60-74,5,1,BAJO
CAJAMARCA,CHOTA,FEMENINO,60-74,8,1,BAJO
CAJAMARCA,CHOTA,FEMENINO,75+,4,1,BAJO
CAJAMARCA,CHOTA,FEMENINO,75+,6,6,ALTO
CAJAMARCA,CHOTA,MASCULINO,30-44,6,1,BAJO
CAJAMARCA,CHOTA,MASCULINO,45-59,5,1,BAJO
CAJAMARCA,CHOTA,MASCULINO,75+,6,1,BAJO
CAJAMARCA,CONTUMAZA,FEMENINO,60-74,7,1,BAJO
CAJAMARCA,CONTUMAZA,FEMENINO,75+,6,1,BAJO
CAJAMARCA,CONTUMAZA,FEMENINO,75+,7,2,MEDIO
CAJAMARCA,CONTUMAZA,MASCULINO,45-59,6,1,BAJO
CAJAMARCA,CONTUMAZA,MASCULINO,60-74,5,1,BAJO
CAJAMARCA,CONTUMAZA,MASCULINO,60-74,6,1,BAJO
CAJAMARCA,CONTUMAZA,MASCULINO,60-74,8,1,BAJO
CAJAMARCA,CONTUMAZA,MASCULINO,75+,7,1,BAJO
CAJAMARCA,CUTERVO,FEMENINO,45-59,7,1,BAJO
CAJAMARCA,CUTERVO,FEMENINO,60-74,8,1,BAJO
CAJAMARCA,CUTERVO,FEMENINO,75+,6,2,MEDIO
CAJAMARCA,CUTERVO,FEMENINO,75+,7,1,BAJO
CAJAMARCA,CUTERVO,MASCULINO,18-29,7,1,BAJO
CAJAMARCA,CUTERVO,MASCULINO,18-29,8,1,BAJO
CAJAMARCA,CUTERVO,MASCULINO,45-59,6,1,BAJO
CAJAMARCA,CUTERVO,MASCULINO,45-59,8,1,BAJO
CAJAMARCA,CUTERVO,MASCULINO,60-74,5,2,MEDIO
CAJAMARCA,CUTERVO,MASCULINO,60-74,7,2,MEDIO
CAJAMARCA,CUTERVO,MASCULINO,60-74,8,3,MEDIO
CAJAMARCA,CUTERVO,MASCULINO,75+,4,1,BAJO
CAJAMARCA,CUTERVO,MASCULINO,75+,6,2,MEDIO
CAJAMARCA,CUTERVO,MASCULINO,75+,8,1,BAJO
CAJAMARCA,HUALGAYOC,FEMENINO,30-44,5,1,BAJO
CAJAMARCA,HUALGAYOC,FEMENINO,60-74,8,1,BAJO
CAJAMARCA,HUALGAYOC,MASCULINO,45-59,6,1,BAJO
CAJAMARCA,HUALGAYOC,MASCULINO,45-59,7,1,BAJO
CAJAMARCA,HUALGAYOC,MASCULINO,45-59,8,1,BAJO
CAJAMARCA,HUALGAYOC,MASCULINO,75+,4,1,BAJO
CAJAMARCA,HUALGAYOC,MASCULINO,75+,5,1,BAJO
CAJAMARCA,JAEN,FEMENINO,30-44,7,2,MEDIO
CAJAMARCA,JAEN,FEMENINO,45-59,6,1,BAJO
CAJAMARCA,JAEN,FEMENINO,45-59,7,3,MEDIO
CAJAMARCA,JAEN,FEMENINO,45-59,8,1,BAJO
CAJAMARCA,JAEN,FEMENINO,60-74,6,5,ALTO
CAJAMARCA,JAEN,FEMENINO,60-74,7,4,ALTO
CAJAMARCA,JAEN,FEMENINO,60-74,8,3,MEDIO
CAJAMARCA,JAEN,FEMENINO,75+,6,6,ALTO
CAJAMARCA,JAEN,FEMENINO,75+,7,3,MEDIO
CAJAMARCA,JAEN,FEMENINO,75+,8,1,BAJO
CAJAMARCA,JAEN,MASCULINO,0-17,5,1,BAJO
CAJAMARCA,JAEN,MASCULINO,0-17,7,1,BAJO
CAJAMARCA,JAEN,MASCULINO,18-29,6,1,BAJO
CAJAMARCA,JAEN,MASCULINO,30-44,4,1,BAJO
CAJAMARCA,JAEN,MASCULINO,30-44,6,4,ALTO
CAJAMARCA,JAEN,MASCULINO,30-44,7,1,BAJO
CAJAMARCA,JAEN,MASCULINO,30-44,8,1,BAJO
CAJAMARCA,JAEN,MASCULINO,45-59,6,3,MEDIO
CAJAMARCA,JAEN,MASCULINO,45-59,7,11,ALTO
CAJAMARCA,JAEN,MASCULINO,45-59,8,2,MEDIO
CAJAMARCA,JAEN,MASCULINO,60-74,4,1,BAJO
CAJAMARCA,JAEN,MASCULINO,60-74,5,4,ALTO
CAJAMARCA,JAEN,MASCULINO,60-74,6,14,ALTO
CAJAMARCA,JAEN,MASCULINO,60-74,7,15,ALTO
CAJAMARCA,JAEN,MASCULINO,60-74,8,4,ALTO
CAJAMARCA,JAEN,MASCULINO,75+,4,1,BAJO
CAJAMARCA,JAEN,MASCULINO,75+,5,1,BAJO
CAJAMARCA,JAEN,MASCULINO,75+,6,9,ALTO
CAJAMARCA,JAEN,MASCULINO,75+,7,8,ALTO
CAJAMARCA,JAEN,MASCULINO,75+,8,6,ALTO
CAJAMARCA,SAN IGNACIO,FEMENINO,60-74,7,1,BAJO
CAJAMARCA,SAN IGNACIO,MASCULINO,30-44,8,1,BAJO
CAJAMARCA,SAN IGNACIO,MASCULINO,45-59,6,2,MEDIO
CAJAMARCA,SAN IGNACIO,MASCULINO,60-74,6,2,MEDIO
CAJAMARCA,SAN IGNACIO,MASCULINO,60-74,7,2,MEDIO
CAJAMARCA,SAN IGNACIO,MASCULINO,60-74,8,2,MEDIO
CAJAMARCA,SAN MARCOS,FEMENINO,0-17,5,1,BAJO
CAJAMARCA,SAN MARCOS,MASCULINO,60-74,8,1,BAJO
CAJAMARCA,SAN MARCOS,MASCULINO,75+,6,1,BAJO
CAJAMARCA,SAN MARCOS,MASCULINO,75+,8,1,BAJO
CAJAMARCA,SAN MIGUEL,FEMENINO,60-74,6,1,BAJO
CAJAMARCA,SAN MIGUEL,FEMENINO,60-74,7,1,BAJO
CAJAMARCA,SAN MIGUEL,FEMENINO,75+,6,1,BAJO
CAJAMARCA,SAN MIGUEL,FEMENINO,75+,7,1,BAJO
CAJAMARCA,SAN MIGUEL,FEMENINO,75+,8,1,BAJO
CAJAMARCA,SAN MIGUEL,MASCULINO,30-44,6,1,BAJO
CAJAMARCA,SAN MIGUEL,MASCULINO,30-44,7,1,BAJO
CAJAMARCA,SAN MIGUEL,MASCULINO,45-59,6,1,BAJO
CAJAMARCA,SAN MIGUEL,MASCULINO,45-59,7,1,BAJO
CAJAMARCA,SAN MIGUEL,MASCULINO,60-74,6,1,BAJO
CAJAMARCA,SAN MIGUEL,MASCULINO,60-74,7,4,ALTO
CAJAMARCA,SAN MIGUEL,MASCULINO,75+,8,1,BAJO
CAJAMARCA,SAN PABLO,MASCULINO,45-59,7,1,BAJO
CAJAMARCA,SAN PABLO,MASCULINO,60-74,7,1,BAJO
CAJAMARCA,SANTA CRUZ,FEMENINO,75+,7,1,BAJO
CAJAMARCA,SANTA CRUZ,MASCULINO,30-44,4,1,BAJO
CAJAMARCA,SANTA CRUZ,MASCULINO,45-59,6,1,BAJO
CAJAMARCA,SANTA CRUZ,MASCULINO,60-74,5,1,BAJO
CAJAMARCA,SANTA CRUZ,MASCULINO,60-74,7,1,BAJO
CAJAMARCA,SANTA CRUZ,MASCULINO,60-74,8,2,MEDIO
CAJAMARCA,SANTA CRUZ,MASCULINO,75+,4,1,BAJO
CAJAMARCA,SANTA CRUZ,MASCULINO,75+,6,1,BAJO
CAJAMARCA,SANTA CRUZ,MASCULINO,75+,7,1,BAJO
CALLAO,CALLAO,FEMENINO,18-29,5,1,BAJO
CALLAO,CALLAO,FEMENINO,18-29,6,3,MEDIO
CALLAO,CALLAO,FEMENINO,30-44,4,1,BAJO
CALLAO,CALLAO,FEMENINO,30-44,5,9,ALTO
CALLAO,CALLAO,FEMENINO,30-44,6,10,ALTO
CALLAO,CALLAO,FEMENINO,30-44,7,3,MEDIO
CALLAO,CALLAO,FEMENINO,30-44,8,1,BAJO
CALLAO,CALLAO,FEMENINO,45-59,3,1,BAJO
CALLAO,CALLAO,FEMENINO,45-59,4,6,ALTO
CALLAO,CALLAO,FEMENINO,45-59,5,28,ALTO
CALLAO,CALLAO,FEMENINO,45-59,6,17,ALTO
CALLAO,CALLAO,FEMENINO,45-59,7,10,ALTO
CALLAO,CALLAO,FEMENINO,45-59,8,8,ALTO
CALLAO,CALLAO,FEMENINO,60-74,3,1,BAJO
CALLAO,CALLAO,FEMENINO,60-74,4,21,ALTO
CALLAO,CALLAO,FEMENINO,60-74,5,81,ALTO
CALLAO,CALLAO,FEMENINO,60-74,6,54,ALTO
CALLAO,CALLAO,FEMENINO,60-74,7,28,ALTO
CALLAO,CALLAO,FEMENINO,60-74,8,16,ALTO
CALLAO,CALLAO,FEMENINO,75+,4,6,ALTO
CALLAO,CALLAO,FEMENINO,75+,5,46,ALTO
CALLAO,CALLAO,FEMENINO,75+,6,24,ALTO
CALLAO,CALLAO,FEMENINO,75+,7,26,ALTO
CALLAO,CALLAO,FEMENINO,75+,8,13,ALTO
CALLAO,CALLAO,MASCULINO,0-17,7,1,BAJO
CALLAO,CALLAO,MASCULINO,18-29,5,3,MEDIO
CALLAO,CALLAO,MASCULINO,18-29,6,3,MEDIO
CALLAO,CALLAO,MASCULINO,18-29,7,1,BAJO
CALLAO,CALLAO,MASCULINO,30-44,4,7,ALTO
CALLAO,CALLAO,MASCULINO,30-44,5,23,ALTO
CALLAO,CALLAO,MASCULINO,30-44,6,8,ALTO
CALLAO,CALLAO,MASCULINO,30-44,7,12,ALTO
CALLAO,CALLAO,MASCULINO,30-44,8,5,ALTO
CALLAO,CALLAO,MASCULINO,45-59,4,42,ALTO
CALLAO,CALLAO,MASCULINO,45-59,5,81,ALTO
CALLAO,CALLAO,MASCULINO,45-59,6,68,ALTO
CALLAO,CALLAO,MASCULINO,45-59,7,28,ALTO
CALLAO,CALLAO,MASCULINO,45-59,8,15,ALTO
CALLAO,CALLAO,MASCULINO,60-74,3,1,BAJO
CALLAO,CALLAO,MASCULINO,60-74,4,46,ALTO
CALLAO,CALLAO,MASCULINO,60-74,5,155,ALTO
CALLAO,CALLAO,MASCULINO,60-74,6,109,ALTO
CALLAO,CALLAO,MASCULINO,60-74,7,40,ALTO
CALLAO,CALLAO,MASCULINO,60-74,8,27,ALTO
CALLAO,CALLAO,MASCULINO,75+,4,26,ALTO
CALLAO,CALLAO,MASCULINO,75+,5,102,ALTO
CALLAO,CALLAO,MASCULINO,75+,6,64,ALTO
CALLAO,CALLAO,MASCULINO,75+,7,26,ALTO
CALLAO,CALLAO,MASCULINO,75+,8,18,ALTO
CALLAO,LIMA,FEMENINO,45-59,3,1,BAJO
CALLAO,LIMA,FEMENINO,75+,4,1,BAJO
CALLAO,LIMA,MASCULINO,18-29,3,1,BAJO
CALLAO,LIMA,MASCULINO,45-59,4,2,MEDIO
CALLAO,LIMA,MASCULINO,60-74,4,1,BAJO
CALLAO,LIMA,MASCULINO,75+,4,1,BAJO
CALLAO,MORROPON,MASCULINO,45-59,4,1,BAJO
CALLAO,NO REGISTRADO,FEMENINO,30-44,4,1,BAJO
CALLAO,NO REGISTRADO,FEMENINO,30-44,5,2,MEDIO
CALLAO,NO REGISTRADO,FEMENINO,45-59,4,3,MEDIO
CALLAO,NO REGISTRADO,FEMENINO,45-59,5,7,ALTO
CALLAO,NO REGISTRADO,FEMENINO,60-74,4,5,ALTO
CALLAO,NO REGISTRADO,FEMENINO,60-74,5,13,ALTO
CALLAO,NO REGISTRADO,FEMENINO,75+,4,3,MEDIO
CALLAO,NO REGISTRADO,FEMENINO,75+,5,13,ALTO
CALLAO,NO REGISTRADO,MASCULINO,18-29,4,1,BAJO
CALLAO,NO REGISTRADO,MASCULINO,30-44,4,1,BAJO
CALLAO,NO REGISTRADO,MASCULINO,30-44,5,3,MEDIO
CALLAO,NO REGISTRADO,MASCULINO,45-59,4,6,ALTO
CALLAO,NO REGISTRADO,MASCULINO,45-59,5,21,ALTO
CALLAO,NO REGISTRADO,MASCULINO,60-74,4,8,ALTO
CALLAO,NO REGISTRADO,MASCULINO,60-74,5,44,ALTO
CALLAO,NO REGISTRADO,MASCULINO,75+,4,5,ALTO
CALLAO,NO REGISTRADO,MASCULINO,75+,5,17,ALTO
CUSCO,ACOMAYO,FEMENINO,75+,8,1,BAJO
CUSCO,ANTA,FEMENINO,45-59,7,1,BAJO
CUSCO,ANTA,MASCULINO,30-44,7,1,BAJO
CUSCO,ANTA,MASCULINO,60-74,7,2,MEDIO
CUSCO,ANTA,MASCULINO,60-74,8,1,BAJO
CUSCO,ANTA,MASCULINO,75+,8,1,BAJO
CUSCO,CALCA,FEMENINO,60-74,6,1,BAJO
CUSCO,CALCA,FEMENINO,75+,7,2,MEDIO
CUSCO,CALCA,MASCULINO,60-74,8,2,MEDIO
CUSCO,CALCA,MASCULINO,75+,8,1,BAJO
CUSCO,CANAS,FEMENINO,60-74,8,1,BAJO
CUSCO,CANAS,MASCULINO,75+,8,1,BAJO
CUSCO,CANCHIS,FEMENINO,45-59,7,1,BAJO
CUSCO,CANCHIS,MASCULINO,45-59,6,1,BAJO
CUSCO,CANCHIS,MASCULINO,45-59,8,2,MEDIO
CUSCO,CANCHIS,MASCULINO,75+,6,1,BAJO
CUSCO,CANCHIS,MASCULINO,75+,8,2,MEDIO
CUSCO,CHUMBIVILCAS,FEMENINO,60-74,7,1,BAJO
CUSCO,CUSCO,FEMENINO,18-29,6,1,BAJO
CUSCO,CUSCO,FEMENINO,30-44,8,3,MEDIO
CUSCO,CUSCO,FEMENINO,45-59,5,1,BAJO
CUSCO,CUSCO,FEMENINO,45-59,6,3,MEDIO
CUSCO,CUSCO,FEMENINO,45-59,7,3,MEDIO
CUSCO,CUSCO,FEMENINO,45-59,8,2,MEDIO
CUSCO,CUSCO,FEMENINO,60-74,5,1,BAJO
CUSCO,CUSCO,FEMENINO,60-74,6,1,BAJO
CUSCO,CUSCO,FEMENINO,60-74,7,4,ALTO
CUSCO,CUSCO,FEMENINO,60-74,8,7,ALTO
CUSCO,CUSCO,FEMENINO,75+,5,1,BAJO
CUSCO,CUSCO,FEMENINO,75+,6,3,MEDIO
CUSCO,CUSCO,FEMENINO,75+,7,7,ALTO
CUSCO,CUSCO,FEMENINO,75+,8,4,ALTO
CUSCO,CUSCO,MASCULINO,30-44,5,1,BAJO
CUSCO,CUSCO,MASCULINO,30-44,7,1,BAJO
CUSCO,CUSCO,MASCULINO,30-44,8,1,BAJO
CUSCO,CUSCO,MASCULINO,45-59,4,1,BAJO
CUSCO,CUSCO,MASCULINO,45-59,5,1,BAJO
CUSCO,CUSCO,MASCULINO,45-59,6,2,MEDIO
CUSCO,CUSCO,MASCULINO,45-59,7,10,ALTO
CUSCO,CUSCO,MASCULINO,45-59,8,24,ALTO
CUSCO,CUSCO,MASCULINO,60-74,3,2,MEDIO
CUSCO,CUSCO,MASCULINO,60-74,4,1,BAJO
CUSCO,CUSCO,MASCULINO,60-74,6,1,BAJO
CUSCO,CUSCO,MASCULINO,60-74,7,15,ALTO
CUSCO,CUSCO,MASCULINO,60-74,8,23,ALTO
CUSCO,CUSCO,MASCULINO,75+,3,1,BAJO
CUSCO,CUSCO,MASCULINO,75+,6,4,ALTO
CUSCO,CUSCO,MASCULINO,75+,7,3,MEDIO
CUSCO,CUSCO,MASCULINO,75+,8,12,ALTO
CUSCO,ESPINAR,FEMENINO,75+,5,1,BAJO
CUSCO,ESPINAR,MASCULINO,0-17,7,1,BAJO
CUSCO,ESPINAR,MASCULINO,18-29,7,1,BAJO
CUSCO,ESPINAR,MASCULINO,60-74,6,2,MEDIO
CUSCO,ESPINAR,MASCULINO,60-74,7,1,BAJO
CUSCO,LA CONVENCION,FEMENINO,45-59,7,1,BAJO
CUSCO,LA CONVENCION,FEMENINO,60-74,6,1,BAJO
CUSCO,LA CONVENCION,FEMENINO,60-74,7,2,MEDIO
CUSCO,LA CONVENCION,FEMENINO,75+,8,1,BAJO
CUSCO,LA CONVENCION,MASCULINO,30-44,4,1,BAJO
CUSCO,LA CONVENCION,MASCULINO,30-44,6,2,MEDIO
CUSCO,LA CONVENCION,MASCULINO,45-59,6,1,BAJO
CUSCO,LA CONVENCION,MASCULINO,45-59,7,5,ALTO
CUSCO,LA CONVENCION,MASCULINO,45-59,8,1,BAJO
CUSCO,LA CONVENCION,MASCULINO,60-74,6,3,MEDIO
CUSCO,LA CONVENCION,MASCULINO,60-74,7,6,ALTO
CUSCO,LA CONVENCION,MASCULINO,60-74,8,4,ALTO
CUSCO,LA CONVENCION,MASCULINO,75+,6,1,BAJO
CUSCO,LA CONVENCION,MASCULINO,75+,8,2,MEDIO
CUSCO,PARURO,MASCULINO,75+,4,1,BAJO
CUSCO,PAUCARTAMBO,FEMENINO,60-74,7,1,BAJO
CUSCO,QUISPICANCHI,FEMENINO,45-59,8,1,BAJO
CUSCO,QUISPICANCHI,FEMENINO,60-74,8,1,BAJO
CUSCO,QUISPICANCHI,MASCULINO,18-29,6,1,BAJO
CUSCO,QUISPICANCHI,MASCULINO,45-59,7,1,BAJO
CUSCO,QUISPICANCHI,MASCULINO,60-74,6,1,BAJO
CUSCO,QUISPICANCHI,MASCULINO,60-74,7,1,BAJO
CUSCO,QUISPICANCHI,MASCULINO,60-74,8,2,MEDIO
CUSCO,URUBAMBA,FEMENINO,60-74,8,1,BAJO
CUSCO,URUBAMBA,MASCULINO,60-74,6,1,BAJO
CUSCO,URUBAMBA,MASCULINO,75+,8,2,MEDIO
HUANCAVELICA,ACOBAMBA,FEMENINO,45-59,7,1,BAJO
HUANCAVELICA,ACOBAMBA,MASCULINO,45-59,8,1,BAJO
HUANCAVELICA,ACOBAMBA,MASCULINO,60-74,4,1,BAJO
HUANCAVELICA,ANGARAES,FEMENINO,60-74,7,1,BAJO
HUANCAVELICA,ANGARAES,MASCULINO,30-44,7,1,BAJO
HUANCAVELICA,ANGARAES,MASCULINO,60-74,7,1,BAJO
HUANCAVELICA,CASTROVIRREYNA,FEMENINO,60-74,6,1,BAJO
HUANCAVELICA,CASTROVIRREYNA,MASCULINO,45-59,7,1,BAJO
HUANCAVELICA,CASTROVIRREYNA,MASCULINO,60-74,7,2,MEDIO
HUANCAVELICA,CASTROVIRREYNA,MASCULINO,75+,7,1,BAJO
HUANCAVELICA,CHURCAMPA,FEMENINO,30-44,6,1,BAJO
HUANCAVELICA,CHURCAMPA,FEMENINO,60-74,7,1,BAJO
HUANCAVELICA,CHURCAMPA,FEMENINO,75+,7,1,BAJO
HUANCAVELICA,CHURCAMPA,MASCULINO,60-74,6,1,BAJO
HUANCAVELICA,HUANCAVELICA,FEMENINO,18-29,8,1,BAJO
HUANCAVELICA,HUANCAVELICA,FEMENINO,60-74,7,1,BAJO
HUANCAVELICA,HUANCAVELICA,FEMENINO,60-74,8,3,MEDIO
HUANCAVELICA,HUANCAVELICA,FEMENINO,75+,7,2,MEDIO
HUANCAVELICA,HUANCAVELICA,MASCULINO,30-44,7,1,BAJO
HUANCAVELICA,HUANCAVELICA,MASCULINO,30-44,8,1,BAJO
HUANCAVELICA,HUANCAVELICA,MASCULINO,45-59,6,2,MEDIO
HUANCAVELICA,HUANCAVELICA,MASCULINO,45-59,7,2,MEDIO
HUANCAVELICA,HUANCAVELICA,MASCULINO,45-59,8,4,ALTO
HUANCAVELICA,HUANCAVELICA,MASCULINO,60-74,6,1,BAJO
HUANCAVELICA,HUANCAVELICA,MASCULINO,60-74,7,1,BAJO
HUANCAVELICA,HUANCAVELICA,MASCULINO,60-74,8,2,MEDIO
HUANCAVELICA,HUANCAVELICA,MASCULINO,75+,8,4,ALTO
HUANCAVELICA,HUAROCHIRI,MASCULINO,45-59,4,1,BAJO
HUANCAVELICA,HUAYTARA,FEMENINO,60-74,7,1,BAJO
HUANCAVELICA,HUAYTARA,MASCULINO,60-74,6,1,BAJO
HUANCAVELICA,HUAYTARA,MASCULINO,60-74,7,1,BAJO
HUANCAVELICA,HUAYTARA,MASCULINO,75+,7,2,MEDIO
HUANCAVELICA,HUAYTARA,MASCULINO,75+,8,1,BAJO
HUANCAVELICA,TAYACAJA,FEMENINO,30-44,6,1,BAJO
HUANCAVELICA,TAYACAJA,FEMENINO,60-74,6,1,BAJO
HUANCAVELICA,TAYACAJA,FEMENINO,60-74,8,1,BAJO
HUANCAVELICA,TAYACAJA,FEMENINO,75+,6,1,BAJO
HUANCAVELICA,TAYACAJA,FEMENINO,75+,8,1,BAJO
HUANCAVELICA,TAYACAJA,MASCULINO,45-59,6,1,BAJO
HUANCAVELICA,TAYACAJA,MASCULINO,45-59,7,1,BAJO
HUANCAVELICA,TAYACAJA,MASCULINO,45-59,8,2,MEDIO
HUANCAVELICA,TAYACAJA,MASCULINO,60-74,7,3,MEDIO
HUANCAVELICA,TAYACAJA,MASCULINO,60-74,8,1,BAJO
HUANCAVELICA,TAYACAJA,MASCULINO,75+,8,1,BAJO
HUANUCO,AMBO,FEMENINO,30-44,7,1,BAJO
HUANUCO,AMBO,FEMENINO,60-74,7,1,BAJO
HUANUCO,AMBO,FEMENINO,75+,5,1,BAJO
HUANUCO,AMBO,FEMENINO,75+,7,1,BAJO
HUANUCO,AMBO,MASCULINO,60-74,7,1,BAJO
HUANUCO,AMBO,MASCULINO,75+,7,2,MEDIO
HUANUCO,AMBO,MASCULINO,75+,8,1,BAJO
HUANUCO,DOS DE MAYO,FEMENINO,60-74,6,1,BAJO
HUANUCO,DOS DE MAYO,FEMENINO,60-74,7,1,BAJO
HUANUCO,DOS DE MAYO,FEMENINO,75+,6,1,BAJO
HUANUCO,DOS DE MAYO,FEMENINO,75+,8,1,BAJO
HUANUCO,DOS DE MAYO,MASCULINO,45-59,8,1,BAJO
HUANUCO,DOS DE MAYO,MASCULINO,60-74,5,1,BAJO
HUANUCO,DOS DE MAYO,MASCULINO,60-74,7,4,ALTO
HUANUCO,DOS DE MAYO,MASCULINO,75+,5,1,BAJO
HUANUCO,HUACAYBAMBA,MASCULINO,75+,5,1,BAJO
HUANUCO,HUAMALIES,FEMENINO,75+,6,1,BAJO
HUANUCO,HUAMALIES,MASCULINO,75+,5,1,BAJO
HUANUCO,HUAMALIES,MASCULINO,75+,7,1,BAJO
HUANUCO,HUANUCO,FEMENINO,18-29,6,1,BAJO
HUANUCO,HUANUCO,FEMENINO,18-29,8,1,BAJO
HUANUCO,HUANUCO,FEMENINO,30-44,7,2,MEDIO
HUANUCO,HUANUCO,FEMENINO,45-59,5,1,BAJO
HUANUCO,HUANUCO,FEMENINO,45-59,6,7,ALTO
HUANUCO,HUANUCO,FEMENINO,45-59,7,2,MEDIO
HUANUCO,HUANUCO,FEMENINO,45-59,8,2,MEDIO
HUANUCO,HUANUCO,FEMENINO,60-74,5,2,MEDIO
HUANUCO,HUANUCO,FEMENINO,60-74,6,10,ALTO
HUANUCO,HUANUCO,FEMENINO,60-74,7,5,ALTO
HUANUCO,HUANUCO,FEMENINO,60-74,8,6,ALTO
HUANUCO,HUANUCO,FEMENINO,75+,5,4,ALTO
HUANUCO,HUANUCO,FEMENINO,75+,6,6,ALTO
HUANUCO,HUANUCO,FEMENINO,75+,7,9,ALTO
HUANUCO,HUANUCO,FEMENINO,75+,8,5,ALTO
HUANUCO,HUANUCO,MASCULINO,18-29,5,1,BAJO
HUANUCO,HUANUCO,MASCULINO,18-29,6,2,MEDIO
HUANUCO,HUANUCO,MASCULINO,18-29,8,1,BAJO
HUANUCO,HUANUCO,MASCULINO,30-44,6,3,MEDIO
HUANUCO,HUANUCO,MASCULINO,30-44,7,1,BAJO
HUANUCO,HUANUCO,MASCULINO,45-59,5,2,MEDIO
HUANUCO,HUANUCO,MASCULINO,45-59,6,9,ALTO
HUANUCO,HUANUCO,MASCULINO,45-59,7,6,ALTO
HUANUCO,HUANUCO,MASCULINO,45-59,8,7,ALTO
HUANUCO,HUANUCO,MASCULINO,60-74,5,9,ALTO
HUANUCO,HUANUCO,MASCULINO,60-74,6,13,ALTO
HUANUCO,HUANUCO,MASCULINO,60-74,7,14,ALTO
HUANUCO,HUANUCO,MASCULINO,60-74,8,6,ALTO
HUANUCO,HUANUCO,MASCULINO,75+,5,3,MEDIO
HUANUCO,HUANUCO,MASCULINO,75+,6,12,ALTO
HUANUCO,HUANUCO,MASCULINO,75+,7,10,ALTO
HUANUCO,HUANUCO,MASCULINO,75+,8,5,ALTO
HUANUCO,LAURICOCHA,MASCULINO,45-59,5,1,BAJO
HUANUCO,LAURICOCHA,MASCULINO,45-59,6,1,BAJO
HUANUCO,LEONCIO PRADO,FEMENINO,0-17,6,1,BAJO
HUANUCO,LEONCIO PRADO,FEMENINO,30-44,6,1,BAJO
HUANUCO,LEONCIO PRADO,FEMENINO,45-59,5,1,BAJO
HUANUCO,LEONCIO PRADO,FEMENINO,45-59,6,3,MEDIO
HUANUCO,LEONCIO PRADO,FEMENINO,45-59,7,6,ALTO
HUANUCO,LEONCIO PRADO,FEMENINO,45-59,8,1,BAJO
HUANUCO,LEONCIO PRADO,FEMENINO,60-74,5,1,BAJO
HUANUCO,LEONCIO PRADO,FEMENINO,60-74,6,5,ALTO
HUANUCO,LEONCIO PRADO,FEMENINO,60-74,7,3,MEDIO
HUANUCO,LEONCIO PRADO,FEMENINO,60-74,8,2,MEDIO
HUANUCO,LEONCIO PRADO,FEMENINO,75+,6,4,ALTO
HUANUCO,LEONCIO PRADO,FEMENINO,75+,7,7,ALTO
HUANUCO,LEONCIO PRADO,FEMENINO,75+,8,2,MEDIO
HUANUCO,LEONCIO PRADO,MASCULINO,18-29,7,1,BAJO
HUANUCO,LEONCIO PRADO,MASCULINO,30-44,5,1,BAJO
HUANUCO,LEONCIO PRADO,MASCULINO,30-44,7,2,MEDIO
HUANUCO,LEONCIO PRADO,MASCULINO,45-59,5,1,BAJO
HUANUCO,LEONCIO PRADO,MASCULINO,45-59,6,10,ALTO
HUANUCO,LEONCIO PRADO,MASCULINO,45-59,7,2,MEDIO
HUANUCO,LEONCIO PRADO,MASCULINO,45-59,8,1,BAJO
HUANUCO,LEONCIO PRADO,MASCULINO,60-74,4,1,BAJO
HUANUCO,LEONCIO PRADO,MASCULINO,60-74,6,12,ALTO
HUANUCO,LEONCIO PRADO,MASCULINO,60-74,7,12,ALTO
HUANUCO,LEONCIO PRADO,MASCULINO,60-74,8,2,MEDIO
HUANUCO,LEONCIO PRADO,MASCULINO,75+,5,2,MEDIO
HUANUCO,LEONCIO PRADO,MASCULINO,75+,6,3,MEDIO
HUANUCO,LEONCIO PRADO,MASCULINO,75+,7,7,ALTO
HUANUCO,LEONCIO PRADO,MASCULINO,75+,8,1,BAJO
HUANUCO,PACHITEA,FEMENINO,30-44,8,1,BAJO
HUANUCO,PACHITEA,FEMENINO,45-59,6,1,BAJO
HUANUCO,PUERTO INCA,FEMENINO,45-59,4,1,BAJO
HUANUCO,PUERTO INCA,FEMENINO,45-59,7,1,BAJO
HUANUCO,PUERTO INCA,MASCULINO,60-74,5,1,BAJO
HUANUCO,PUERTO INCA,MASCULINO,60-74,7,1,BAJO
HUANUCO,PUERTO INCA,MASCULINO,75+,6,1,BAJO
HUANUCO,YAROWILCA,MASCULINO,30-44,7,1,BAJO
HUANUCO,YAROWILCA,MASCULINO,75+,6,1,BAJO
ICA,CHINCHA,FEMENINO,30-44,4,1,BAJO
ICA,CHINCHA,FEMENINO,30-44,5,3,MEDIO
ICA,CHINCHA,FEMENINO,30-44,6,7,ALTO
ICA,CHINCHA,FEMENINO,30-44,7,4,ALTO
ICA,CHINCHA,FEMENINO,45-59,4,2,MEDIO
ICA,CHINCHA,FEMENINO,45-59,5,7,ALTO
ICA,CHINCHA,FEMENINO,45-59,6,23,ALTO
ICA,CHINCHA,FEMENINO,45-59,7,11,ALTO
ICA,CHINCHA,FEMENINO,45-59,8,2,MEDIO
ICA,CHINCHA,FEMENINO,60-74,4,7,ALTO
ICA,CHINCHA,FEMENINO,60-74,5,22,ALTO
ICA,CHINCHA,FEMENINO,60-74,6,34,ALTO
ICA,CHINCHA,FEMENINO,60-74,7,10,ALTO
ICA,CHINCHA,FEMENINO,60-74,8,2,MEDIO
ICA,CHINCHA,FEMENINO,75+,4,1,BAJO
ICA,CHINCHA,FEMENINO,75+,5,13,ALTO
ICA,CHINCHA,FEMENINO,75+,6,31,ALTO
ICA,CHINCHA,FEMENINO,75+,7,8,ALTO
ICA,CHINCHA,FEMENINO,75+,8,4,ALTO
ICA,CHINCHA,MASCULINO,0-17,6,1,BAJO
ICA,CHINCHA,MASCULINO,30-44,4,2,MEDIO
ICA,CHINCHA,MASCULINO,30-44,5,5,ALTO
ICA,CHINCHA,MASCULINO,30-44,6,12,ALTO
ICA,CHINCHA,MASCULINO,30-44,7,7,ALTO
ICA,CHINCHA,MASCULINO,30-44,8,2,MEDIO
ICA,CHINCHA,MASCULINO,45-59,4,2,MEDIO
ICA,CHINCHA,MASCULINO,45-59,5,26,ALTO
ICA,CHINCHA,MASCULINO,45-59,6,51,ALTO
ICA,CHINCHA,MASCULINO,45-59,7,14,ALTO
ICA,CHINCHA,MASCULINO,45-59,8,8,ALTO
ICA,CHINCHA,MASCULINO,60-74,4,7,ALTO
ICA,CHINCHA,MASCULINO,60-74,5,39,ALTO
ICA,CHINCHA,MASCULINO,60-74,6,80,ALTO
ICA,CHINCHA,MASCULINO,60-74,7,17,ALTO
ICA,CHINCHA,MASCULINO,60-74,8,11,ALTO
ICA,CHINCHA,MASCULINO,75+,4,5,ALTO
ICA,CHINCHA,MASCULINO,75+,5,22,ALTO
ICA,CHINCHA,MASCULINO,75+,6,34,ALTO
ICA,CHINCHA,MASCULINO,75+,7,17,ALTO
ICA,CHINCHA,MASCULINO,75+,8,4,ALTO
ICA,ICA,FEMENINO,0-17,4,1,BAJO
ICA,ICA,FEMENINO,18-29,6,1,BAJO
ICA,ICA,FEMENINO,30-44,5,1,BAJO
ICA,ICA,FEMENINO,30-44,6,5,ALTO
ICA,ICA,FEMENINO,30-44,7,2,MEDIO
ICA,ICA,FEMENINO,30-44,8,2,MEDIO
ICA,ICA,FEMENINO,45-59,3,1,BAJO
ICA,ICA,FEMENINO,45-59,4,1,BAJO
ICA,ICA,FEMENINO,45-59,5,8,ALTO
ICA,ICA,FEMENINO,45-59,6,6,ALTO
ICA,ICA,FEMENINO,45-59,7,5,ALTO
ICA,ICA,FEMENINO,45-59,8,10,ALTO
ICA,ICA,FEMENINO,60-74,4,3,MEDIO
ICA,ICA,FEMENINO,60-74,5,13,ALTO
ICA,ICA,FEMENINO,60-74,6,19,ALTO
ICA,ICA,FEMENINO,60-74,7,24,ALTO
ICA,ICA,FEMENINO,60-74,8,8,ALTO
ICA,ICA,FEMENINO,75+,4,1,BAJO
ICA,ICA,FEMENINO,75+,5,10,ALTO
ICA,ICA,FEMENINO,75+,6,25,ALTO
ICA,ICA,FEMENINO,75+,7,15,ALTO
ICA,ICA,FEMENINO,75+,8,7,ALTO
ICA,ICA,MASCULINO,0-17,8,1,BAJO
ICA,ICA,MASCULINO,18-29,6,1,BAJO
ICA,ICA,MASCULINO,30-44,5,7,ALTO
ICA,ICA,MASCULINO,30-44,6,10,ALTO
ICA,ICA,MASCULINO,30-44,7,2,MEDIO
ICA,ICA,MASCULINO,30-44,8,3,MEDIO
ICA,ICA,MASCULINO,45-59,4,3,MEDIO
ICA,ICA,MASCULINO,45-59,5,14,ALTO
ICA,ICA,MASCULINO,45-59,6,31,ALTO
ICA,ICA,MASCULINO,45-59,7,19,ALTO
ICA,ICA,MASCULINO,45-59,8,15,ALTO
ICA,ICA,MASCULINO,60-74,4,3,MEDIO
ICA,ICA,MASCULINO,60-74,5,18,ALTO
ICA,ICA,MASCULINO,60-74,6,52,ALTO
ICA,ICA,MASCULINO,60-74,7,53,ALTO
ICA,ICA,MASCULINO,60-74,8,18,ALTO
ICA,ICA,MASCULINO,75+,4,2,MEDIO
ICA,ICA,MASCULINO,75+,5,17,ALTO
ICA,ICA,MASCULINO,75+,6,38,ALTO
ICA,ICA,MASCULINO,75+,7,25,ALTO
ICA,ICA,MASCULINO,75+,8,22,ALTO
ICA,NASCA,FEMENINO,45-59,7,1,BAJO
ICA,NAZCA,FEMENINO,30-44,5,2,MEDIO
ICA,NAZCA,FEMENINO,30-44,6,1,BAJO
ICA,NAZCA,FEMENINO,45-59,6,1,BAJO
ICA,NAZCA,FEMENINO,45-59,7,2,MEDIO
ICA,NAZCA,FEMENINO,45-59,8,1,BAJO
ICA,NAZCA,FEMENINO,60-74,6,1,BAJO
ICA,NAZCA,FEMENINO,60-74,7,4,ALTO
ICA,NAZCA,FEMENINO,60-74,8,1,BAJO
ICA,NAZCA,FEMENINO,75+,4,1,BAJO
ICA,NAZCA,FEMENINO,75+,6,5,ALTO
ICA,NAZCA,FEMENINO,75+,7,3,MEDIO
ICA,NAZCA,FEMENINO,75+,8,2,MEDIO
ICA,NAZCA,MASCULINO,18-29,6,2,MEDIO
ICA,NAZCA,MASCULINO,30-44,6,1,BAJO
ICA,NAZCA,MASCULINO,45-59,4,2,MEDIO
ICA,NAZCA,MASCULINO,45-59,5,3,MEDIO
ICA,NAZCA,MASCULINO,45-59,6,3,MEDIO
ICA,NAZCA,MASCULINO,45-59,7,2,MEDIO
ICA,NAZCA,MASCULINO,45-59,8,4,ALTO
ICA,NAZCA,MASCULINO,60-74,6,6,ALTO
ICA,NAZCA,MASCULINO,60-74,7,3,MEDIO
ICA,NAZCA,MASCULINO,60-74,8,1,BAJO
ICA,NAZCA,MASCULINO,75+,4,1,BAJO
ICA,NAZCA,MASCULINO,75+,5,2,MEDIO
ICA,NAZCA,MASCULINO,75+,6,3,MEDIO
ICA,NAZCA,MASCULINO,75+,7,2,MEDIO
ICA,NAZCA,MASCULINO,75+,8,2,MEDIO
ICA,NO REGISTRADO,FEMENINO,45-59,5,4,ALTO
ICA,NO REGISTRADO,FEMENINO,60-74,5,2,MEDIO
ICA,NO REGISTRADO,FEMENINO,75+,4,1,BAJO
ICA,NO REGISTRADO,MASCULINO,30-44,5,3,MEDIO
ICA,NO REGISTRADO,MASCULINO,45-59,4,2,MEDIO
ICA,NO REGISTRADO,MASCULINO,45-59,5,1,BAJO
ICA,NO REGISTRADO,MASCULINO,60-74,5,2,MEDIO
ICA,NO REGISTRADO,MASCULINO,75+,4,2,MEDIO
ICA,PALPA,FEMENINO,75+,4,2,MEDIO
ICA,PALPA,FEMENINO,75+,8,2,MEDIO
ICA,PALPA,MASCULINO,30-44,5,1,BAJO
ICA,PALPA,MASCULINO,45-59,4,4,ALTO
ICA,PALPA,MASCULINO,60-74,5,2,MEDIO
ICA,PALPA,MASCULINO,60-74,6,1,BAJO
ICA,PALPA,MASCULINO,60-74,7,3,MEDIO
ICA,PALPA,MASCULINO,60-74,8,1,BAJO
ICA,PALPA,MASCULINO,75+,5,2,MEDIO
ICA,PISCO,FEMENINO,18-29,7,1,BAJO
ICA,PISCO,FEMENINO,30-44,7,1,BAJO
ICA,PISCO,FEMENINO,45-59,5,1,BAJO
ICA,PISCO,FEMENINO,45-59,6,10,ALTO
ICA,PISCO,FEMENINO,45-59,7,3,MEDIO
ICA,PISCO,FEMENINO,45-59,8,2,MEDIO
ICA,PISCO,FEMENINO,60-74,5,2,MEDIO
ICA,PISCO,FEMENINO,60-74,6,11,ALTO
ICA,PISCO,FEMENINO,60-74,7,9,ALTO
ICA,PISCO,FEMENINO,60-74,8,2,MEDIO
ICA,PISCO,FEMENINO,75+,4,1,BAJO
ICA,PISCO,FEMENINO,75+,5,1,BAJO
ICA,PISCO,FEMENINO,75+,6,14,ALTO
ICA,PISCO,FEMENINO,75+,7,2,MEDIO
ICA,PISCO,FEMENINO,75+,8,1,BAJO
ICA,PISCO,MASCULINO,18-29,4,1,BAJO
ICA,PISCO,MASCULINO,18-29,6,1,BAJO
ICA,PISCO,MASCULINO,18-29,7,1,BAJO
ICA,PISCO,MASCULINO,18-29,8,1,BAJO
ICA,PISCO,MASCULINO,30-44,5,2,MEDIO
ICA,PISCO,MASCULINO,30-44,6,2,MEDIO
ICA,PISCO,MASCULINO,30-44,7,5,ALTO
ICA,PISCO,MASCULINO,45-59,4,5,ALTO
ICA,PISCO,MASCULINO,45-59,5,7,ALTO
ICA,PISCO,MASCULINO,45-59,6,16,ALTO
ICA,PISCO,MASCULINO,45-59,7,11,ALTO
ICA,PISCO,MASCULINO,45-59,8,5,ALTO
ICA,PISCO,MASCULINO,60-74,4,2,MEDIO
ICA,PISCO,MASCULINO,60-74,5,8,ALTO
ICA,PISCO,MASCULINO,60-74,6,24,ALTO
ICA,PISCO,MASCULINO,60-74,7,13,ALTO
ICA,PISCO,MASCULINO,60-74,8,7,ALTO
ICA,PISCO,MASCULINO,75+,5,5,ALTO
ICA,PISCO,MASCULINO,75+,6,13,ALTO
ICA,PISCO,MASCULINO,75+,7,13,ALTO
ICA,PISCO,MASCULINO,75+,8,3,MEDIO
JUNIN,CHANCHAMAYO,FEMENINO,30-44,7,1,BAJO
JUNIN,CHANCHAMAYO,FEMENINO,45-59,5,1,BAJO
JUNIN,CHANCHAMAYO,FEMENINO,45-59,6,2,MEDIO
JUNIN,CHANCHAMAYO,FEMENINO,45-59,7,3,MEDIO
JUNIN,CHANCHAMAYO,FEMENINO,45-59,8,1,BAJO
JUNIN,CHANCHAMAYO,FEMENINO,60-74,6,2,MEDIO
JUNIN,CHANCHAMAYO,FEMENINO,60-74,7,1,BAJO
JUNIN,CHANCHAMAYO,FEMENINO,60-74,8,2,MEDIO
JUNIN,CHANCHAMAYO,FEMENINO,75+,5,1,BAJO
JUNIN,CHANCHAMAYO,FEMENINO,75+,6,1,BAJO
JUNIN,CHANCHAMAYO,FEMENINO,75+,7,1,BAJO
JUNIN,CHANCHAMAYO,FEMENINO,75+,8,1,BAJO
JUNIN,CHANCHAMAYO,MASCULINO,30-44,7,1,BAJO
JUNIN,CHANCHAMAYO,MASCULINO,30-44,8,1,BAJO
JUNIN,CHANCHAMAYO,MASCULINO,45-59,5,1,BAJO
JUNIN,CHANCHAMAYO,MASCULINO,45-59,6,6,ALTO
JUNIN,CHANCHAMAYO,MASCULINO,45-59,7,10,ALTO
JUNIN,CHANCHAMAYO,MASCULINO,45-59,8,1,BAJO
JUNIN,CHANCHAMAYO,MASCULINO,60-74,5,8,ALTO
JUNIN,CHANCHAMAYO,MASCULINO,60-74,6,7,ALTO
JUNIN,CHANCHAMAYO,MASCULINO,60-74,7,8,ALTO
JUNIN,CHANCHAMAYO,MASCULINO,60-74,8,2,MEDIO
JUNIN,CHANCHAMAYO,MASCULINO,75+,5,3,MEDIO
JUNIN,CHANCHAMAYO,MASCULINO,75+,6,10,ALTO
JUNIN,CHANCHAMAYO,MASCULINO,75+,7,4,ALTO
JUNIN,CHANCHAMAYO,MASCULINO,75+,8,4,ALTO
JUNIN,CHUPACA,FEMENINO,0-17,7,1,BAJO
JUNIN,CHUPACA,FEMENINO,30-44,7,1,BAJO
JUNIN,CHUPACA,FEMENINO,45-59,8,2,MEDIO
JUNIN,CHUPACA,FEMENINO,60-74,7,1,BAJO
JUNIN,CHUPACA,FEMENINO,75+,8,1,BAJO
JUNIN,CHUPACA,MASCULINO,30-44,7,1,BAJO
JUNIN,CHUPACA,MASCULINO,30-44,8,1,BAJO
JUNIN,CHUPACA,MASCULINO,45-59,4,1,BAJO
JUNIN,CHUPACA,MASCULINO,45-59,5,6,ALTO
JUNIN,CHUPACA,MASCULINO,45-59,6,1,BAJO
JUNIN,CHUPACA,MASCULINO,45-59,7,3,MEDIO
JUNIN,CHUPACA,MASCULINO,45-59,8,3,MEDIO
JUNIN,CHUPACA,MASCULINO,60-74,4,1,BAJO
JUNIN,CHUPACA,MASCULINO,60-74,5,3,MEDIO
JUNIN,CHUPACA,MASCULINO,60-74,6,1,BAJO
JUNIN,CHUPACA,MASCULINO,60-74,7,2,MEDIO
JUNIN,CHUPACA,MASCULINO,60-74,8,4,ALTO
JUNIN,CHUPACA,MASCULINO,75+,6,1,BAJO
JUNIN,CHUPACA,MASCULINO,75+,7,1,BAJO
JUNIN,CHUPACA,MASCULINO,75+,8,1,BAJO
JUNIN,CONCEPCION,FEMENINO,30-44,6,1,BAJO
JUNIN,CONCEPCION,FEMENINO,60-74,6,2,MEDIO
JUNIN,CONCEPCION,FEMENINO,75+,6,1,BAJO
JUNIN,CONCEPCION,MASCULINO,45-59,5,1,BAJO
JUNIN,CONCEPCION,MASCULINO,45-59,6,1,BAJO
JUNIN,CONCEPCION,MASCULINO,45-59,7,3,MEDIO
JUNIN,CONCEPCION,MASCULINO,45-59,8,1,BAJO
JUNIN,CONCEPCION,MASCULINO,60-74,5,1,BAJO
JUNIN,CONCEPCION,MASCULINO,60-74,6,1,BAJO
JUNIN,CONCEPCION,MASCULINO,60-74,8,2,MEDIO
JUNIN,CONCEPCION,MASCULINO,75+,7,2,MEDIO
JUNIN,HUANCAYO,FEMENINO,0-17,7,1,BAJO
JUNIN,HUANCAYO,FEMENINO,18-29,6,1,BAJO
JUNIN,HUANCAYO,FEMENINO,30-44,7,2,MEDIO
JUNIN,HUANCAYO,FEMENINO,30-44,8,2,MEDIO
JUNIN,HUANCAYO,FEMENINO,45-59,4,1,BAJO
JUNIN,HUANCAYO,FEMENINO,45-59,5,2,MEDIO
JUNIN,HUANCAYO,FEMENINO,45-59,6,6,ALTO
JUNIN,HUANCAYO,FEMENINO,45-59,7,14,ALTO
JUNIN,HUANCAYO,FEMENINO,45-59,8,6,ALTO
JUNIN,HUANCAYO,FEMENINO,60-74,4,1,BAJO
JUNIN,HUANCAYO,FEMENINO,60-74,5,3,MEDIO
JUNIN,HUANCAYO,FEMENINO,60-74,6,7,ALTO
JUNIN,HUANCAYO,FEMENINO,60-74,7,19,ALTO
JUNIN,HUANCAYO,FEMENINO,60-74,8,10,ALTO
JUNIN,HUANCAYO,FEMENINO,75+,5,4,ALTO
JUNIN,HUANCAYO,FEMENINO,75+,6,6,ALTO
JUNIN,HUANCAYO,FEMENINO,75+,7,9,ALTO
JUNIN,HUANCAYO,FEMENINO,75+,8,4,ALTO
JUNIN,HUANCAYO,MASCULINO,0-17,5,1,BAJO
JUNIN,HUANCAYO,MASCULINO,18-29,4,1,BAJO
JUNIN,HUANCAYO,MASCULINO,18-29,7,1,BAJO
JUNIN,HUANCAYO,MASCULINO,30-44,4,2,MEDIO
JUNIN,HUANCAYO,MASCULINO,30-44,5,1,BAJO
JUNIN,HUANCAYO,MASCULINO,30-44,6,1,BAJO
JUNIN,HUANCAYO,MASCULINO,30-44,7,12,ALTO
JUNIN,HUANCAYO,MASCULINO,30-44,8,4,ALTO
JUNIN,HUANCAYO,MASCULINO,45-59,3,1,BAJO
JUNIN,HUANCAYO,MASCULINO,45-59,5,5,ALTO
JUNIN,HUANCAYO,MASCULINO,45-59,6,5,ALTO
JUNIN,HUANCAYO,MASCULINO,45-59,7,28,ALTO
JUNIN,HUANCAYO,MASCULINO,45-59,8,22,ALTO
JUNIN,HUANCAYO,MASCULINO,60-74,4,1,BAJO
JUNIN,HUANCAYO,MASCULINO,60-74,5,4,ALTO
JUNIN,HUANCAYO,MASCULINO,60-74,6,14,ALTO
JUNIN,HUANCAYO,MASCULINO,60-74,7,51,ALTO
JUNIN,HUANCAYO,MASCULINO,60-74,8,16,ALTO
JUNIN,HUANCAYO,MASCULINO,75+,4,1,BAJO
JUNIN,HUANCAYO,MASCULINO,75+,5,4,ALTO
JUNIN,HUANCAYO,MASCULINO,75+,6,7,ALTO
JUNIN,HUANCAYO,MASCULINO,75+,7,29,ALTO
JUNIN,HUANCAYO,MASCULINO,75+,8,19,ALTO
JUNIN,JAUJA,FEMENINO,45-59,6,1,BAJO
JUNIN,JAUJA,FEMENINO,60-74,6,1,BAJO
JUNIN,JAUJA,FEMENINO,60-74,7,2,MEDIO
JUNIN,JAUJA,FEMENINO,75+,6,1,BAJO
JUNIN,JAUJA,FEMENINO,75+,7,2,MEDIO
JUNIN,JAUJA,FEMENINO,75+,8,2,MEDIO
JUNIN,JAUJA,MASCULINO,0-17,4,1,BAJO
JUNIN,JAUJA,MASCULINO,30-44,4,1,BAJO
JUNIN,JAUJA,MASCULINO,45-59,5,1,BAJO
JUNIN,JAUJA,MASCULINO,45-59,6,1,BAJO
JUNIN,JAUJA,MASCULINO,45-59,7,2,MEDIO
JUNIN,JAUJA,MASCULINO,45-59,8,1,BAJO
JUNIN,JAUJA,MASCULINO,60-74,7,2,MEDIO
JUNIN,JAUJA,MASCULINO,75+,5,1,BAJO
JUNIN,JAUJA,MASCULINO,75+,6,1,BAJO
JUNIN,JAUJA,MASCULINO,75+,8,1,BAJO
JUNIN,JUNIN,FEMENINO,45-59,7,1,BAJO
JUNIN,JUNIN,MASCULINO,30-44,6,1,BAJO
JUNIN,JUNIN,MASCULINO,45-59,6,1,BAJO
JUNIN,JUNIN,MASCULINO,45-59,7,1,BAJO
JUNIN,JUNIN,MASCULINO,45-59,8,1,BAJO
JUNIN,JUNIN,MASCULINO,60-74,7,2,MEDIO
JUNIN,JUNIN,MASCULINO,60-74,8,1,BAJO
JUNIN,JUNIN,MASCULINO,75+,5,1,BAJO
JUNIN,SATIPO,FEMENINO,60-74,6,1,BAJO
JUNIN,SATIPO,FEMENINO,60-74,7,1,BAJO
JUNIN,SATIPO,FEMENINO,60-74,8,1,BAJO
JUNIN,SATIPO,MASCULINO,30-44,5,1,BAJO
JUNIN,SATIPO,MASCULINO,30-44,8,1,BAJO
JUNIN,SATIPO,MASCULINO,45-59,6,1,BAJO
JUNIN,SATIPO,MASCULINO,45-59,7,2,MEDIO
JUNIN,SATIPO,MASCULINO,45-59,8,2,MEDIO
JUNIN,SATIPO,MASCULINO,60-74,6,1,BAJO
JUNIN,SATIPO,MASCULINO,60-74,8,3,MEDIO
JUNIN,SATIPO,MASCULINO,75+,5,1,BAJO
JUNIN,SATIPO,MASCULINO,75+,6,2,MEDIO
JUNIN,SATIPO,MASCULINO,75+,7,2,MEDIO
JUNIN,TARMA,FEMENINO,45-59,8,1,BAJO
JUNIN,TARMA,FEMENINO,60-74,5,1,BAJO
JUNIN,TARMA,FEMENINO,60-74,7,1,BAJO
JUNIN,TARMA,FEMENINO,60-74,8,1,BAJO
JUNIN,TARMA,FEMENINO,75+,5,1,BAJO
JUNIN,TARMA,FEMENINO,75+,6,3,MEDIO
JUNIN,TARMA,FEMENINO,75+,7,1,BAJO
JUNIN,TARMA,FEMENINO,75+,8,1,BAJO
JUNIN,TARMA,MASCULINO,30-44,8,1,BAJO
JUNIN,TARMA,MASCULINO,45-59,7,2,MEDIO
JUNIN,TARMA,MASCULINO,60-74,5,2,MEDIO
JUNIN,TARMA,MASCULINO,60-74,6,2,MEDIO
JUNIN,TARMA,MASCULINO,60-74,7,3,MEDIO
JUNIN,TARMA,MASCULINO,60-74,8,2,MEDIO
JUNIN,TARMA,MASCULINO,75+,5,2,MEDIO
JUNIN,TARMA,MASCULINO,75+,6,1,BAJO
JUNIN,TARMA,MASCULINO,75+,7,3,MEDIO
JUNIN,YAULI,FEMENINO,60-74,5,1,BAJO
JUNIN,YAULI,FEMENINO,60-74,6,4,ALTO
JUNIN,YAULI,FEMENINO,75+,8,1,BAJO
JUNIN,YAULI,MASCULINO,45-59,6,3,MEDIO
JUNIN,YAULI,MASCULINO,45-59,7,2,MEDIO
JUNIN,YAULI,MASCULINO,45-59,8,1,BAJO
JUNIN,YAULI,MASCULINO,60-74,4,1,BAJO
JUNIN,YAULI,MASCULINO,60-74,5,2,MEDIO
JUNIN,YAULI,MASCULINO,60-74,7,3,MEDIO
JUNIN,YAULI,MASCULINO,75+,4,1,BAJO
JUNIN,YAULI,MASCULINO,75+,5,2,MEDIO
JUNIN,YAULI,MASCULINO,75+,6,3,MEDIO
LA LIBERTAD,ASCOPE,FEMENINO,18-29,6,1,BAJO
LA LIBERTAD,ASCOPE,FEMENINO,30-44,5,1,BAJO
LA LIBERTAD,ASCOPE,FEMENINO,30-44,6,1,BAJO
LA LIBERTAD,ASCOPE,FEMENINO,45-59,4,1,BAJO
LA LIBERTAD,ASCOPE,FEMENINO,45-59,5,2,MEDIO
LA LIBERTAD,ASCOPE,FEMENINO,45-59,6,5,ALTO
LA LIBERTAD,ASCOPE,FEMENINO,45-59,7,4,ALTO
LA LIBERTAD,ASCOPE,FEMENINO,45-59,8,2,MEDIO
LA LIBERTAD,ASCOPE,FEMENINO,60-74,5,2,MEDIO
LA LIBERTAD,ASCOPE,FEMENINO,60-74,6,17,ALTO
LA LIBERTAD,ASCOPE,FEMENINO,60-74,7,4,ALTO
LA LIBERTAD,ASCOPE,FEMENINO,60-74,8,2,MEDIO
LA LIBERTAD,ASCOPE,FEMENINO,75+,4,1,BAJO
LA LIBERTAD,ASCOPE,FEMENINO,75+,5,1,BAJO
LA LIBERTAD,ASCOPE,FEMENINO,75+,6,7,ALTO
LA LIBERTAD,ASCOPE,FEMENINO,75+,7,6,ALTO
LA LIBERTAD,ASCOPE,FEMENINO,75+,8,4,ALTO
LA LIBERTAD,ASCOPE,MASCULINO,30-44,5,2,MEDIO
LA LIBERTAD,ASCOPE,MASCULINO,30-44,6,2,MEDIO
LA LIBERTAD,ASCOPE,MASCULINO,30-44,7,1,BAJO
LA LIBERTAD,ASCOPE,MASCULINO,45-59,5,5,ALTO
LA LIBERTAD,ASCOPE,MASCULINO,45-59,6,16,ALTO
LA LIBERTAD,ASCOPE,MASCULINO,45-59,7,5,ALTO
LA LIBERTAD,ASCOPE,MASCULINO,45-59,8,1,BAJO
LA LIBERTAD,ASCOPE,MASCULINO,60-74,4,1,BAJO
LA LIBERTAD,ASCOPE,MASCULINO,60-74,5,5,ALTO
LA LIBERTAD,ASCOPE,MASCULINO,60-74,6,29,ALTO
LA LIBERTAD,ASCOPE,MASCULINO,60-74,7,14,ALTO
LA LIBERTAD,ASCOPE,MASCULINO,60-74,8,10,ALTO
LA LIBERTAD,ASCOPE,MASCULINO,75+,4,1,BAJO
LA LIBERTAD,ASCOPE,MASCULINO,75+,5,2,MEDIO
LA LIBERTAD,ASCOPE,MASCULINO,75+,6,18,ALTO
LA LIBERTAD,ASCOPE,MASCULINO,75+,7,9,ALTO
LA LIBERTAD,ASCOPE,MASCULINO,75+,8,2,MEDIO
LA LIBERTAD,CHEPEN,FEMENINO,18-29,5,1,BAJO
LA LIBERTAD,CHEPEN,FEMENINO,30-44,8,1,BAJO
LA LIBERTAD,CHEPEN,FEMENINO,45-59,5,2,MEDIO
LA LIBERTAD,CHEPEN,FEMENINO,45-59,6,8,ALTO
LA LIBERTAD,CHEPEN,FEMENINO,45-59,7,1,BAJO
LA LIBERTAD,CHEPEN,FEMENINO,45-59,8,1,BAJO
LA LIBERTAD,CHEPEN,FEMENINO,60-74,4,2,MEDIO
LA LIBERTAD,CHEPEN,FEMENINO,60-74,5,7,ALTO
LA LIBERTAD,CHEPEN,FEMENINO,60-74,6,5,ALTO
LA LIBERTAD,CHEPEN,FEMENINO,60-74,7,1,BAJO
LA LIBERTAD,CHEPEN,FEMENINO,60-74,8,1,BAJO
LA LIBERTAD,CHEPEN,FEMENINO,75+,4,1,BAJO
LA LIBERTAD,CHEPEN,FEMENINO,75+,5,2,MEDIO
LA LIBERTAD,CHEPEN,FEMENINO,75+,6,9,ALTO
LA LIBERTAD,CHEPEN,FEMENINO,75+,7,3,MEDIO
LA LIBERTAD,CHEPEN,FEMENINO,75+,8,1,BAJO
LA LIBERTAD,CHEPEN,MASCULINO,18-29,6,1,BAJO
LA LIBERTAD,CHEPEN,MASCULINO,18-29,8,1,BAJO
LA LIBERTAD,CHEPEN,MASCULINO,30-44,5,3,MEDIO
LA LIBERTAD,CHEPEN,MASCULINO,30-44,7,1,BAJO
LA LIBERTAD,CHEPEN,MASCULINO,45-59,4,1,BAJO
LA LIBERTAD,CHEPEN,MASCULINO,45-59,5,9,ALTO
LA LIBERTAD,CHEPEN,MASCULINO,45-59,6,11,ALTO
LA LIBERTAD,CHEPEN,MASCULINO,45-59,8,2,MEDIO
LA LIBERTAD,CHEPEN,MASCULINO,60-74,4,2,MEDIO
LA LIBERTAD,CHEPEN,MASCULINO,60-74,5,19,ALTO
LA LIBERTAD,CHEPEN,MASCULINO,60-74,6,7,ALTO
LA LIBERTAD,CHEPEN,MASCULINO,60-74,7,8,ALTO
LA LIBERTAD,CHEPEN,MASCULINO,60-74,8,2,MEDIO
LA LIBERTAD,CHEPEN,MASCULINO,75+,4,5,ALTO
LA LIBERTAD,CHEPEN,MASCULINO,75+,5,19,ALTO
LA LIBERTAD,CHEPEN,MASCULINO,75+,6,9,ALTO
LA LIBERTAD,CHEPEN,MASCULINO,75+,7,1,BAJO
LA LIBERTAD,CHEPEN,MASCULINO,75+,8,3,MEDIO
LA LIBERTAD,GRAN CHIMU,FEMENINO,30-44,7,1,BAJO
LA LIBERTAD,GRAN CHIMU,FEMENINO,60-74,6,1,BAJO
LA LIBERTAD,GRAN CHIMU,FEMENINO,60-74,8,1,BAJO
LA LIBERTAD,GRAN CHIMU,FEMENINO,75+,7,1,BAJO
LA LIBERTAD,GRAN CHIMU,FEMENINO,75+,8,1,BAJO
LA LIBERTAD,GRAN CHIMU,MASCULINO,45-59,7,1,BAJO
LA LIBERTAD,GRAN CHIMU,MASCULINO,45-59,8,1,BAJO
LA LIBERTAD,GRAN CHIMU,MASCULINO,75+,7,1,BAJO
LA LIBERTAD,GRAN CHIMU,MASCULINO,75+,8,2,MEDIO
LA LIBERTAD,JULCAN,MASCULINO,60-74,6,1,BAJO
LA LIBERTAD,OTUZCO,FEMENINO,45-59,6,2,MEDIO
LA LIBERTAD,OTUZCO,FEMENINO,45-59,7,1,BAJO
LA LIBERTAD,OTUZCO,FEMENINO,60-74,6,3,MEDIO
LA LIBERTAD,OTUZCO,FEMENINO,60-74,8,1,BAJO
LA LIBERTAD,OTUZCO,FEMENINO,75+,6,1,BAJO
LA LIBERTAD,OTUZCO,MASCULINO,45-59,6,4,ALTO
LA LIBERTAD,OTUZCO,MASCULINO,45-59,7,2,MEDIO
LA LIBERTAD,OTUZCO,MASCULINO,60-74,5,1,BAJO
LA LIBERTAD,OTUZCO,MASCULINO,60-74,6,4,ALTO
LA LIBERTAD,OTUZCO,MASCULINO,60-74,7,1,BAJO
LA LIBERTAD,OTUZCO,MASCULINO,75+,6,4,ALTO
LA LIBERTAD,OTUZCO,MASCULINO,75+,7,1,BAJO
LA LIBERTAD,OTUZCO,MASCULINO,75+,8,1,BAJO
LA LIBERTAD,PACASMAYO,FEMENINO,18-29,6,1,BAJO
LA LIBERTAD,PACASMAYO,FEMENINO,30-44,6,2,MEDIO
LA LIBERTAD,PACASMAYO,FEMENINO,45-59,6,2,MEDIO
LA LIBERTAD,PACASMAYO,FEMENINO,45-59,7,1,BAJO
LA LIBERTAD,PACASMAYO,FEMENINO,60-74,5,3,MEDIO
LA LIBERTAD,PACASMAYO,FEMENINO,60-74,6,4,ALTO
LA LIBERTAD,PACASMAYO,FEMENINO,60-74,7,3,MEDIO
LA LIBERTAD,PACASMAYO,FEMENINO,60-74,8,1,BAJO
LA LIBERTAD,PACASMAYO,FEMENINO,75+,4,1,BAJO
LA LIBERTAD,PACASMAYO,FEMENINO,75+,5,1,BAJO
LA LIBERTAD,PACASMAYO,FEMENINO,75+,6,7,ALTO
LA LIBERTAD,PACASMAYO,FEMENINO,75+,7,1,BAJO
LA LIBERTAD,PACASMAYO,FEMENINO,75+,8,1,BAJO
LA LIBERTAD,PACASMAYO,MASCULINO,18-29,6,1,BAJO
LA LIBERTAD,PACASMAYO,MASCULINO,30-44,5,1,BAJO
LA LIBERTAD,PACASMAYO,MASCULINO,30-44,6,2,MEDIO
LA LIBERTAD,PACASMAYO,MASCULINO,45-59,6,5,ALTO
LA LIBERTAD,PACASMAYO,MASCULINO,45-59,7,2,MEDIO
LA LIBERTAD,PACASMAYO,MASCULINO,45-59,8,3,MEDIO
LA LIBERTAD,PACASMAYO,MASCULINO,60-74,5,4,ALTO
LA LIBERTAD,PACASMAYO,MASCULINO,60-74,6,17,ALTO
LA LIBERTAD,PACASMAYO,MASCULINO,60-74,7,6,ALTO
LA LIBERTAD,PACASMAYO,MASCULINO,60-74,8,5,ALTO
LA LIBERTAD,PACASMAYO,MASCULINO,75+,5,4,ALTO
LA LIBERTAD,PACASMAYO,MASCULINO,75+,6,13,ALTO
LA LIBERTAD,PACASMAYO,MASCULINO,75+,7,6,ALTO
LA LIBERTAD,PACASMAYO,MASCULINO,75+,8,3,MEDIO
LA LIBERTAD,PATAZ,FEMENINO,30-44,6,1,BAJO
LA LIBERTAD,PATAZ,FEMENINO,45-59,5,1,BAJO
LA LIBERTAD,PATAZ,FEMENINO,45-59,6,1,BAJO
LA LIBERTAD,PATAZ,FEMENINO,60-74,6,2,MEDIO
LA LIBERTAD,PATAZ,FEMENINO,75+,6,2,MEDIO
LA LIBERTAD,PATAZ,MASCULINO,45-59,7,1,BAJO
LA LIBERTAD,PATAZ,MASCULINO,60-74,6,1,BAJO
LA LIBERTAD,PATAZ,MASCULINO,60-74,7,1,BAJO
LA LIBERTAD,PATAZ,MASCULINO,75+,6,4,ALTO
LA LIBERTAD,PATAZ,MASCULINO,75+,7,1,BAJO
LA LIBERTAD,SANCHEZ CARRION,FEMENINO,75+,4,1,BAJO
LA LIBERTAD,SANCHEZ CARRION,MASCULINO,30-44,5,1,BAJO
LA LIBERTAD,SANCHEZ CARRION,MASCULINO,45-59,7,1,BAJO
LA LIBERTAD,SANCHEZ CARRION,MASCULINO,45-59,8,2,MEDIO
LA LIBERTAD,SANCHEZ CARRION,MASCULINO,60-74,6,3,MEDIO
LA LIBERTAD,SANCHEZ CARRION,MASCULINO,60-74,8,1,BAJO
LA LIBERTAD,SANCHEZ CARRION,MASCULINO,75+,7,2,MEDIO
LA LIBERTAD,SANTIAGO DE CHUCO,FEMENINO,60-74,5,1,BAJO
LA LIBERTAD,SANTIAGO DE CHUCO,FEMENINO,60-74,6,1,BAJO
LA LIBERTAD,SANTIAGO DE CHUCO,FEMENINO,75+,8,1,BAJO
LA LIBERTAD,SANTIAGO DE CHUCO,MASCULINO,75+,6,3,MEDIO
LA LIBERTAD,SANTIAGO DE CHUCO,MASCULINO,75+,7,1,BAJO
LA LIBERTAD,TRUJILLO,FEMENINO,0-17,4,1,BAJO
LA LIBERTAD,TRUJILLO,FEMENINO,0-17,5,2,MEDIO
LA LIBERTAD,TRUJILLO,FEMENINO,0-17,6,1,BAJO
LA LIBERTAD,TRUJILLO,FEMENINO,0-17,7,1,BAJO
LA LIBERTAD,TRUJILLO,FEMENINO,18-29,7,2,MEDIO
LA LIBERTAD,TRUJILLO,FEMENINO,30-44,5,3,MEDIO
LA LIBERTAD,TRUJILLO,FEMENINO,30-44,6,13,ALTO
LA LIBERTAD,TRUJILLO,FEMENINO,30-44,7,5,ALTO
LA LIBERTAD,TRUJILLO,FEMENINO,45-59,4,1,BAJO
LA LIBERTAD,TRUJILLO,FEMENINO,45-59,5,15,ALTO
LA LIBERTAD,TRUJILLO,FEMENINO,45-59,6,36,ALTO
LA LIBERTAD,TRUJILLO,FEMENINO,45-59,7,19,ALTO
LA LIBERTAD,TRUJILLO,FEMENINO,45-59,8,6,ALTO
LA LIBERTAD,TRUJILLO,FEMENINO,60-74,3,1,BAJO
LA LIBERTAD,TRUJILLO,FEMENINO,60-74,4,3,MEDIO
LA LIBERTAD,TRUJILLO,FEMENINO,60-74,5,18,ALTO
LA LIBERTAD,TRUJILLO,FEMENINO,60-74,6,115,ALTO
LA LIBERTAD,TRUJILLO,FEMENINO,60-74,7,51,ALTO
LA LIBERTAD,TRUJILLO,FEMENINO,60-74,8,14,ALTO
LA LIBERTAD,TRUJILLO,FEMENINO,75+,4,7,ALTO
LA LIBERTAD,TRUJILLO,FEMENINO,75+,5,11,ALTO
LA LIBERTAD,TRUJILLO,FEMENINO,75+,6,79,ALTO
LA LIBERTAD,TRUJILLO,FEMENINO,75+,7,21,ALTO
LA LIBERTAD,TRUJILLO,FEMENINO,75+,8,6,ALTO
LA LIBERTAD,TRUJILLO,MASCULINO,0-17,7,1,BAJO
LA LIBERTAD,TRUJILLO,MASCULINO,18-29,6,3,MEDIO
LA LIBERTAD,TRUJILLO,MASCULINO,18-29,7,2,MEDIO
LA LIBERTAD,TRUJILLO,MASCULINO,18-29,8,2,MEDIO
LA LIBERTAD,TRUJILLO,MASCULINO,30-44,4,4,ALTO
LA LIBERTAD,TRUJILLO,MASCULINO,30-44,5,7,ALTO
LA LIBERTAD,TRUJILLO,MASCULINO,30-44,6,39,ALTO
LA LIBERTAD,TRUJILLO,MASCULINO,30-44,7,15,ALTO
LA LIBERTAD,TRUJILLO,MASCULINO,30-44,8,7,ALTO
LA LIBERTAD,TRUJILLO,MASCULINO,45-59,3,2,MEDIO
LA LIBERTAD,TRUJILLO,MASCULINO,45-59,4,8,ALTO
LA LIBERTAD,TRUJILLO,MASCULINO,45-59,5,32,ALTO
LA LIBERTAD,TRUJILLO,MASCULINO,45-59,6,134,ALTO
LA LIBERTAD,TRUJILLO,MASCULINO,45-59,7,59,ALTO
LA LIBERTAD,TRUJILLO,MASCULINO,45-59,8,17,ALTO
LA LIBERTAD,TRUJILLO,MASCULINO,60-74,4,9,ALTO
LA LIBERTAD,TRUJILLO,MASCULINO,60-74,5,53,ALTO
LA LIBERTAD,TRUJILLO,MASCULINO,60-74,6,217,ALTO
LA LIBERTAD,TRUJILLO,MASCULINO,60-74,7,89,ALTO
LA LIBERTAD,TRUJILLO,MASCULINO,60-74,8,24,ALTO
LA LIBERTAD,TRUJILLO,MASCULINO,75+,4,3,MEDIO
LA LIBERTAD,TRUJILLO,MASCULINO,75+,5,48,ALTO
LA LIBERTAD,TRUJILLO,MASCULINO,75+,6,109,ALTO
LA LIBERTAD,TRUJILLO,MASCULINO,75+,7,53,ALTO
LA LIBERTAD,TRUJILLO,MASCULINO,75+,8,18,ALTO
LA LIBERTAD,VIRU,FEMENINO,18-29,6,1,BAJO
LA LIBERTAD,VIRU,FEMENINO,45-59,5,1,BAJO
LA LIBERTAD,VIRU,FEMENINO,45-59,6,4,ALTO
LA LIBERTAD,VIRU,FEMENINO,45-59,7,2,MEDIO
LA LIBERTAD,VIRU,FEMENINO,60-74,5,2,MEDIO
LA LIBERTAD,VIRU,FEMENINO,60-74,6,1,BAJO
LA LIBERTAD,VIRU,FEMENINO,60-74,7,1,BAJO
LA LIBERTAD,VIRU,FEMENINO,75+,6,4,ALTO
LA LIBERTAD,VIRU,FEMENINO,75+,7,1,BAJO
LA LIBERTAD,VIRU,FEMENINO,75+,8,1,BAJO
LA LIBERTAD,VIRU,MASCULINO,18-29,6,1,BAJO
LA LIBERTAD,VIRU,MASCULINO,30-44,6,1,BAJO
LA LIBERTAD,VIRU,MASCULINO,45-59,6,7,ALTO
LA LIBERTAD,VIRU,MASCULINO,45-59,7,4,ALTO
LA LIBERTAD,VIRU,MASCULINO,60-74,5,4,ALTO
LA LIBERTAD,VIRU,MASCULINO,60-74,6,8,ALTO
LA LIBERTAD,VIRU,MASCULINO,60-74,7,12,ALTO
LA LIBERTAD,VIRU,MASCULINO,60-74,8,2,MEDIO
LA LIBERTAD,VIRU,MASCULINO,75+,5,1,BAJO
LA LIBERTAD,VIRU,MASCULINO,75+,6,8,ALTO
LA LIBERTAD,VIRU,MASCULINO,75+,7,3,MEDIO
LAMBAYEQUE,CHICLAYO,FEMENINO,18-29,6,3,MEDIO
LAMBAYEQUE,CHICLAYO,FEMENINO,18-29,7,1,BAJO
LAMBAYEQUE,CHICLAYO,FEMENINO,30-44,4,5,ALTO
LAMBAYEQUE,CHICLAYO,FEMENINO,30-44,5,6,ALTO
LAMBAYEQUE,CHICLAYO,FEMENINO,30-44,6,3,MEDIO
LAMBAYEQUE,CHICLAYO,FEMENINO,30-44,7,1,BAJO
LAMBAYEQUE,CHICLAYO,FEMENINO,45-59,3,1,BAJO
LAMBAYEQUE,CHICLAYO,FEMENINO,45-59,4,19,ALTO
LAMBAYEQUE,CHICLAYO,FEMENINO,45-59,5,14,ALTO
LAMBAYEQUE,CHICLAYO,FEMENINO,45-59,6,15,ALTO
LAMBAYEQUE,CHICLAYO,FEMENINO,45-59,7,3,MEDIO
LAMBAYEQUE,CHICLAYO,FEMENINO,45-59,8,2,MEDIO
LAMBAYEQUE,CHICLAYO,FEMENINO,60-74,3,1,BAJO
LAMBAYEQUE,CHICLAYO,FEMENINO,60-74,4,23,ALTO
LAMBAYEQUE,CHICLAYO,FEMENINO,60-74,5,33,ALTO
LAMBAYEQUE,CHICLAYO,FEMENINO,60-74,6,41,ALTO
LAMBAYEQUE,CHICLAYO,FEMENINO,60-74,7,8,ALTO
LAMBAYEQUE,CHICLAYO,FEMENINO,60-74,8,7,ALTO
LAMBAYEQUE,CHICLAYO,FEMENINO,75+,4,19,ALTO
LAMBAYEQUE,CHICLAYO,FEMENINO,75+,5,27,ALTO
LAMBAYEQUE,CHICLAYO,FEMENINO,75+,6,25,ALTO
LAMBAYEQUE,CHICLAYO,FEMENINO,75+,7,10,ALTO
LAMBAYEQUE,CHICLAYO,FEMENINO,75+,8,1,BAJO
LAMBAYEQUE,CHICLAYO,MASCULINO,0-17,4,1,BAJO
LAMBAYEQUE,CHICLAYO,MASCULINO,18-29,4,1,BAJO
LAMBAYEQUE,CHICLAYO,MASCULINO,18-29,5,3,MEDIO
LAMBAYEQUE,CHICLAYO,MASCULINO,18-29,6,2,MEDIO
LAMBAYEQUE,CHICLAYO,MASCULINO,18-29,7,1,BAJO
LAMBAYEQUE,CHICLAYO,MASCULINO,30-44,4,8,ALTO
LAMBAYEQUE,CHICLAYO,MASCULINO,30-44,5,12,ALTO
LAMBAYEQUE,CHICLAYO,MASCULINO,30-44,6,13,ALTO
LAMBAYEQUE,CHICLAYO,MASCULINO,30-44,7,2,MEDIO
LAMBAYEQUE,CHICLAYO,MASCULINO,30-44,8,2,MEDIO
LAMBAYEQUE,CHICLAYO,MASCULINO,45-59,3,1,BAJO
LAMBAYEQUE,CHICLAYO,MASCULINO,45-59,4,33,ALTO
LAMBAYEQUE,CHICLAYO,MASCULINO,45-59,5,55,ALTO
LAMBAYEQUE,CHICLAYO,MASCULINO,45-59,6,52,ALTO
LAMBAYEQUE,CHICLAYO,MASCULINO,45-59,7,15,ALTO
LAMBAYEQUE,CHICLAYO,MASCULINO,45-59,8,13,ALTO
LAMBAYEQUE,CHICLAYO,MASCULINO,60-74,3,1,BAJO
LAMBAYEQUE,CHICLAYO,MASCULINO,60-74,4,69,ALTO
LAMBAYEQUE,CHICLAYO,MASCULINO,60-74,5,94,ALTO
LAMBAYEQUE,CHICLAYO,MASCULINO,60-74,6,86,ALTO
LAMBAYEQUE,CHICLAYO,MASCULINO,60-74,7,22,ALTO
LAMBAYEQUE,CHICLAYO,MASCULINO,60-74,8,10,ALTO
LAMBAYEQUE,CHICLAYO,MASCULINO,75+,4,34,ALTO
LAMBAYEQUE,CHICLAYO,MASCULINO,75+,5,49,ALTO
LAMBAYEQUE,CHICLAYO,MASCULINO,75+,6,74,ALTO
LAMBAYEQUE,CHICLAYO,MASCULINO,75+,7,14,ALTO
LAMBAYEQUE,CHICLAYO,MASCULINO,75+,8,13,ALTO
LAMBAYEQUE,EXTRANJERO,MASCULINO,30-44,6,1,BAJO
LAMBAYEQUE,FERRENAFE,FEMENINO,60-74,7,1,BAJO
LAMBAYEQUE,FERRENAFE,MASCULINO,60-74,7,1,BAJO
LAMBAYEQUE,FERREÑAFE,FEMENINO,18-29,4,1,BAJO
LAMBAYEQUE,FERREÑAFE,FEMENINO,45-59,4,4,ALTO
LAMBAYEQUE,FERREÑAFE,FEMENINO,45-59,5,1,BAJO
LAMBAYEQUE,FERREÑAFE,FEMENINO,45-59,6,1,BAJO
LAMBAYEQUE,FERREÑAFE,FEMENINO,60-74,4,5,ALTO
LAMBAYEQUE,FERREÑAFE,FEMENINO,60-74,5,3,MEDIO
LAMBAYEQUE,FERREÑAFE,FEMENINO,60-74,6,2,MEDIO
LAMBAYEQUE,FERREÑAFE,FEMENINO,60-74,7,2,MEDIO
LAMBAYEQUE,FERREÑAFE,FEMENINO,60-74,8,2,MEDIO
LAMBAYEQUE,FERREÑAFE,FEMENINO,75+,4,8,ALTO
LAMBAYEQUE,FERREÑAFE,FEMENINO,75+,5,2,MEDIO
LAMBAYEQUE,FERREÑAFE,FEMENINO,75+,6,3,MEDIO
LAMBAYEQUE,FERREÑAFE,FEMENINO,75+,8,2,MEDIO
LAMBAYEQUE,FERREÑAFE,MASCULINO,18-29,5,1,BAJO
LAMBAYEQUE,FERREÑAFE,MASCULINO,18-29,6,1,BAJO
LAMBAYEQUE,FERREÑAFE,MASCULINO,30-44,4,1,BAJO
LAMBAYEQUE,FERREÑAFE,MASCULINO,45-59,3,2,MEDIO
LAMBAYEQUE,FERREÑAFE,MASCULINO,45-59,4,11,ALTO
LAMBAYEQUE,FERREÑAFE,MASCULINO,45-59,5,3,MEDIO
LAMBAYEQUE,FERREÑAFE,MASCULINO,45-59,6,1,BAJO
LAMBAYEQUE,FERREÑAFE,MASCULINO,45-59,8,1,BAJO
LAMBAYEQUE,FERREÑAFE,MASCULINO,60-74,4,16,ALTO
LAMBAYEQUE,FERREÑAFE,MASCULINO,60-74,5,2,MEDIO
LAMBAYEQUE,FERREÑAFE,MASCULINO,60-74,6,3,MEDIO
LAMBAYEQUE,FERREÑAFE,MASCULINO,60-74,7,1,BAJO
LAMBAYEQUE,FERREÑAFE,MASCULINO,60-74,8,2,MEDIO
LAMBAYEQUE,FERREÑAFE,MASCULINO,75+,4,10,ALTO
LAMBAYEQUE,FERREÑAFE,MASCULINO,75+,5,2,MEDIO
LAMBAYEQUE,FERREÑAFE,MASCULINO,75+,6,1,BAJO
LAMBAYEQUE,FERREÑAFE,MASCULINO,75+,7,3,MEDIO
LAMBAYEQUE,FERREÑAFE,MASCULINO,75+,8,3,MEDIO
LAMBAYEQUE,LAMBAYEQUE,FEMENINO,18-29,5,1,BAJO
LAMBAYEQUE,LAMBAYEQUE,FEMENINO,30-44,4,2,MEDIO
LAMBAYEQUE,LAMBAYEQUE,FEMENINO,30-44,5,1,BAJO
LAMBAYEQUE,LAMBAYEQUE,FEMENINO,45-59,4,4,ALTO
LAMBAYEQUE,LAMBAYEQUE,FEMENINO,45-59,5,2,MEDIO
LAMBAYEQUE,LAMBAYEQUE,FEMENINO,45-59,6,7,ALTO
LAMBAYEQUE,LAMBAYEQUE,FEMENINO,45-59,7,1,BAJO
LAMBAYEQUE,LAMBAYEQUE,FEMENINO,45-59,8,1,BAJO
LAMBAYEQUE,LAMBAYEQUE,FEMENINO,60-74,4,1,BAJO
LAMBAYEQUE,LAMBAYEQUE,FEMENINO,60-74,5,10,ALTO
LAMBAYEQUE,LAMBAYEQUE,FEMENINO,60-74,6,9,ALTO
LAMBAYEQUE,LAMBAYEQUE,FEMENINO,60-74,7,3,MEDIO
LAMBAYEQUE,LAMBAYEQUE,FEMENINO,60-74,8,2,MEDIO
LAMBAYEQUE,LAMBAYEQUE,FEMENINO,75+,4,4,ALTO
LAMBAYEQUE,LAMBAYEQUE,FEMENINO,75+,5,2,MEDIO
LAMBAYEQUE,LAMBAYEQUE,FEMENINO,75+,6,5,ALTO
LAMBAYEQUE,LAMBAYEQUE,FEMENINO,75+,7,1,BAJO
LAMBAYEQUE,LAMBAYEQUE,MASCULINO,18-29,8,1,BAJO
LAMBAYEQUE,LAMBAYEQUE,MASCULINO,30-44,4,5,ALTO
LAMBAYEQUE,LAMBAYEQUE,MASCULINO,30-44,5,4,ALTO
LAMBAYEQUE,LAMBAYEQUE,MASCULINO,30-44,6,4,ALTO
LAMBAYEQUE,LAMBAYEQUE,MASCULINO,30-44,7,2,MEDIO
LAMBAYEQUE,LAMBAYEQUE,MASCULINO,45-59,4,7,ALTO
LAMBAYEQUE,LAMBAYEQUE,MASCULINO,45-59,5,7,ALTO
LAMBAYEQUE,LAMBAYEQUE,MASCULINO,45-59,6,14,ALTO
LAMBAYEQUE,LAMBAYEQUE,MASCULINO,45-59,7,3,MEDIO
LAMBAYEQUE,LAMBAYEQUE,MASCULINO,45-59,8,3,MEDIO
LAMBAYEQUE,LAMBAYEQUE,MASCULINO,60-74,4,11,ALTO
LAMBAYEQUE,LAMBAYEQUE,MASCULINO,60-74,5,13,ALTO
LAMBAYEQUE,LAMBAYEQUE,MASCULINO,60-74,6,26,ALTO
LAMBAYEQUE,LAMBAYEQUE,MASCULINO,60-74,7,9,ALTO
LAMBAYEQUE,LAMBAYEQUE,MASCULINO,60-74,8,3,MEDIO
LAMBAYEQUE,LAMBAYEQUE,MASCULINO,75+,4,5,ALTO
LAMBAYEQUE,LAMBAYEQUE,MASCULINO,75+,5,4,ALTO
LAMBAYEQUE,LAMBAYEQUE,MASCULINO,75+,6,15,ALTO
LAMBAYEQUE,LAMBAYEQUE,MASCULINO,75+,7,9,ALTO
LAMBAYEQUE,LAMBAYEQUE,MASCULINO,75+,8,4,ALTO
LAMBAYEQUE,LIMA,FEMENINO,75+,4,1,BAJO
LAMBAYEQUE,NO REGISTRADO,FEMENINO,30-44,4,4,ALTO
LAMBAYEQUE,NO REGISTRADO,FEMENINO,30-44,5,2,MEDIO
LAMBAYEQUE,NO REGISTRADO,FEMENINO,45-59,4,5,ALTO
LAMBAYEQUE,NO REGISTRADO,FEMENINO,45-59,5,13,ALTO
LAMBAYEQUE,NO REGISTRADO,FEMENINO,60-74,4,13,ALTO
LAMBAYEQUE,NO REGISTRADO,FEMENINO,60-74,5,37,ALTO
LAMBAYEQUE,NO REGISTRADO,FEMENINO,75+,4,8,ALTO
LAMBAYEQUE,NO REGISTRADO,FEMENINO,75+,5,17,ALTO
LAMBAYEQUE,NO REGISTRADO,MASCULINO,30-44,4,2,MEDIO
LAMBAYEQUE,NO REGISTRADO,MASCULINO,30-44,5,16,ALTO
LAMBAYEQUE,NO REGISTRADO,MASCULINO,45-59,4,7,ALTO
LAMBAYEQUE,NO REGISTRADO,MASCULINO,45-59,5,26,ALTO
LAMBAYEQUE,NO REGISTRADO,MASCULINO,60-74,4,17,ALTO
LAMBAYEQUE,NO REGISTRADO,MASCULINO,60-74,5,77,ALTO
LAMBAYEQUE,NO REGISTRADO,MASCULINO,75+,4,10,ALTO
LAMBAYEQUE,NO REGISTRADO,MASCULINO,75+,5,43,ALTO
LAMBAYEQUE,PIURA,MASCULINO,18-29,4,1,BAJO
LIMA,BARRANCA,FEMENINO,18-29,6,1,BAJO
LIMA,BARRANCA,FEMENINO,30-44,6,1,BAJO
LIMA,BARRANCA,FEMENINO,30-44,7,1,BAJO
LIMA,BARRANCA,FEMENINO,45-59,4,1,BAJO
LIMA,BARRANCA,FEMENINO,45-59,6,1,BAJO
LIMA,BARRANCA,FEMENINO,45-59,7,3,MEDIO
LIMA,BARRANCA,FEMENINO,45-59,8,1,BAJO
LIMA,BARRANCA,FEMENINO,60-74,5,2,MEDIO
LIMA,BARRANCA,FEMENINO,60-74,6,6,ALTO
LIMA,BARRANCA,FEMENINO,60-74,7,4,ALTO
LIMA,BARRANCA,FEMENINO,60-74,8,1,BAJO
LIMA,BARRANCA,FEMENINO,75+,5,1,BAJO
LIMA,BARRANCA,FEMENINO,75+,6,6,ALTO
LIMA,BARRANCA,FEMENINO,75+,7,5,ALTO
LIMA,BARRANCA,FEMENINO,75+,8,3,MEDIO
LIMA,BARRANCA,MASCULINO,30-44,6,3,MEDIO
LIMA,BARRANCA,MASCULINO,45-59,5,4,ALTO
LIMA,BARRANCA,MASCULINO,45-59,6,6,ALTO
LIMA,BARRANCA,MASCULINO,45-59,7,12,ALTO
LIMA,BARRANCA,MASCULINO,45-59,8,3,MEDIO
LIMA,BARRANCA,MASCULINO,60-74,4,1,BAJO
LIMA,BARRANCA,MASCULINO,60-74,5,4,ALTO
LIMA,BARRANCA,MASCULINO,60-74,6,16,ALTO
LIMA,BARRANCA,MASCULINO,60-74,7,15,ALTO
LIMA,BARRANCA,MASCULINO,60-74,8,3,MEDIO
LIMA,BARRANCA,MASCULINO,75+,6,14,ALTO
LIMA,BARRANCA,MASCULINO,75+,7,8,ALTO
LIMA,BARRANCA,MASCULINO,75+,8,10,ALTO
LIMA,CAJATAMBO,MASCULINO,75+,6,1,BAJO
LIMA,CANETE,FEMENINO,45-59,4,1,BAJO
LIMA,CANETE,FEMENINO,45-59,5,1,BAJO
LIMA,CANETE,FEMENINO,75+,5,1,BAJO
LIMA,CANETE,MASCULINO,45-59,5,5,ALTO
LIMA,CANETE,MASCULINO,60-74,5,2,MEDIO
LIMA,CANETE,MASCULINO,75+,5,2,MEDIO
LIMA,CANTA,FEMENINO,45-59,6,1,BAJO
LIMA,CANTA,FEMENINO,60-74,6,1,BAJO
LIMA,CANTA,FEMENINO,75+,6,1,BAJO
LIMA,CANTA,MASCULINO,45-59,6,1,BAJO
LIMA,CANTA,MASCULINO,45-59,7,1,BAJO
LIMA,CANTA,MASCULINO,60-74,5,1,BAJO
LIMA,CANTA,MASCULINO,60-74,7,3,MEDIO
LIMA,CANTA,MASCULINO,75+,7,3,MEDIO
LIMA,CAÑETE,FEMENINO,18-29,6,2,MEDIO
LIMA,CAÑETE,FEMENINO,30-44,4,1,BAJO
LIMA,CAÑETE,FEMENINO,30-44,6,4,ALTO
LIMA,CAÑETE,FEMENINO,30-44,7,2,MEDIO
LIMA,CAÑETE,FEMENINO,30-44,8,1,BAJO
LIMA,CAÑETE,FEMENINO,45-59,4,1,BAJO
LIMA,CAÑETE,FEMENINO,45-59,5,5,ALTO
LIMA,CAÑETE,FEMENINO,45-59,6,7,ALTO
LIMA,CAÑETE,FEMENINO,45-59,7,6,ALTO
LIMA,CAÑETE,FEMENINO,45-59,8,1,BAJO
LIMA,CAÑETE,FEMENINO,60-74,4,1,BAJO
LIMA,CAÑETE,FEMENINO,60-74,5,7,ALTO
LIMA,CAÑETE,FEMENINO,60-74,6,22,ALTO
LIMA,CAÑETE,FEMENINO,60-74,7,10,ALTO
LIMA,CAÑETE,FEMENINO,60-74,8,2,MEDIO
LIMA,CAÑETE,FEMENINO,75+,4,2,MEDIO
LIMA,CAÑETE,FEMENINO,75+,5,8,ALTO
LIMA,CAÑETE,FEMENINO,75+,6,5,ALTO
LIMA,CAÑETE,FEMENINO,75+,8,2,MEDIO
LIMA,CAÑETE,MASCULINO,18-29,4,1,BAJO
LIMA,CAÑETE,MASCULINO,30-44,4,1,BAJO
LIMA,CAÑETE,MASCULINO,30-44,5,5,ALTO
LIMA,CAÑETE,MASCULINO,30-44,6,5,ALTO
LIMA,CAÑETE,MASCULINO,45-59,4,9,ALTO
LIMA,CAÑETE,MASCULINO,45-59,5,9,ALTO
LIMA,CAÑETE,MASCULINO,45-59,6,22,ALTO
LIMA,CAÑETE,MASCULINO,45-59,7,8,ALTO
LIMA,CAÑETE,MASCULINO,45-59,8,4,ALTO
LIMA,CAÑETE,MASCULINO,60-74,4,10,ALTO
LIMA,CAÑETE,MASCULINO,60-74,5,19,ALTO
LIMA,CAÑETE,MASCULINO,60-74,6,37,ALTO
LIMA,CAÑETE,MASCULINO,60-74,7,8,ALTO
LIMA,CAÑETE,MASCULINO,60-74,8,2,MEDIO
LIMA,CAÑETE,MASCULINO,75+,4,2,MEDIO
LIMA,CAÑETE,MASCULINO,75+,5,10,ALTO
LIMA,CAÑETE,MASCULINO,75+,6,19,ALTO
LIMA,CAÑETE,MASCULINO,75+,7,4,ALTO
LIMA,CAÑETE,MASCULINO,75+,8,1,BAJO
LIMA,HUARAL,FEMENINO,0-17,6,1,BAJO
LIMA,HUARAL,FEMENINO,18-29,5,1,BAJO
LIMA,HUARAL,FEMENINO,18-29,6,1,BAJO
LIMA,HUARAL,FEMENINO,30-44,5,1,BAJO
LIMA,HUARAL,FEMENINO,30-44,6,2,MEDIO
LIMA,HUARAL,FEMENINO,45-59,4,1,BAJO
LIMA,HUARAL,FEMENINO,45-59,5,4,ALTO
LIMA,HUARAL,FEMENINO,45-59,6,7,ALTO
LIMA,HUARAL,FEMENINO,45-59,7,5,ALTO
LIMA,HUARAL,FEMENINO,45-59,8,3,MEDIO
LIMA,HUARAL,FEMENINO,60-74,4,1,BAJO
LIMA,HUARAL,FEMENINO,60-74,5,7,ALTO
LIMA,HUARAL,FEMENINO,60-74,6,11,ALTO
LIMA,HUARAL,FEMENINO,60-74,7,4,ALTO
LIMA,HUARAL,FEMENINO,60-74,8,2,MEDIO
LIMA,HUARAL,FEMENINO,75+,5,7,ALTO
LIMA,HUARAL,FEMENINO,75+,6,12,ALTO
LIMA,HUARAL,FEMENINO,75+,7,6,ALTO
LIMA,HUARAL,MASCULINO,0-17,5,1,BAJO
LIMA,HUARAL,MASCULINO,30-44,4,1,BAJO
LIMA,HUARAL,MASCULINO,30-44,6,5,ALTO
LIMA,HUARAL,MASCULINO,30-44,7,2,MEDIO
LIMA,HUARAL,MASCULINO,30-44,8,1,BAJO
LIMA,HUARAL,MASCULINO,45-59,4,3,MEDIO
LIMA,HUARAL,MASCULINO,45-59,5,21,ALTO
LIMA,HUARAL,MASCULINO,45-59,6,21,ALTO
LIMA,HUARAL,MASCULINO,45-59,7,9,ALTO
LIMA,HUARAL,MASCULINO,45-59,8,3,MEDIO
LIMA,HUARAL,MASCULINO,60-74,4,7,ALTO
LIMA,HUARAL,MASCULINO,60-74,5,23,ALTO
LIMA,HUARAL,MASCULINO,60-74,6,41,ALTO
LIMA,HUARAL,MASCULINO,60-74,7,10,ALTO
LIMA,HUARAL,MASCULINO,60-74,8,4,ALTO
LIMA,HUARAL,MASCULINO,75+,4,2,MEDIO
LIMA,HUARAL,MASCULINO,75+,5,13,ALTO
LIMA,HUARAL,MASCULINO,75+,6,30,ALTO
LIMA,HUARAL,MASCULINO,75+,7,14,ALTO
LIMA,HUARAL,MASCULINO,75+,8,2,MEDIO
LIMA,HUAROCHIRI,FEMENINO,18-29,7,1,BAJO
LIMA,HUAROCHIRI,FEMENINO,30-44,8,2,MEDIO
LIMA,HUAROCHIRI,FEMENINO,45-59,7,1,BAJO
LIMA,HUAROCHIRI,FEMENINO,45-59,8,2,MEDIO
LIMA,HUAROCHIRI,FEMENINO,60-74,4,1,BAJO
LIMA,HUAROCHIRI,FEMENINO,60-74,5,3,MEDIO
LIMA,HUAROCHIRI,FEMENINO,60-74,6,3,MEDIO
LIMA,HUAROCHIRI,FEMENINO,60-74,7,3,MEDIO
LIMA,HUAROCHIRI,FEMENINO,60-74,8,1,BAJO
LIMA,HUAROCHIRI,FEMENINO,75+,4,1,BAJO
LIMA,HUAROCHIRI,FEMENINO,75+,5,2,MEDIO
LIMA,HUAROCHIRI,FEMENINO,75+,6,2,MEDIO
LIMA,HUAROCHIRI,FEMENINO,75+,7,1,BAJO
LIMA,HUAROCHIRI,FEMENINO,75+,8,2,MEDIO
LIMA,HUAROCHIRI,MASCULINO,18-29,7,1,BAJO
LIMA,HUAROCHIRI,MASCULINO,30-44,5,1,BAJO
LIMA,HUAROCHIRI,MASCULINO,30-44,6,1,BAJO
LIMA,HUAROCHIRI,MASCULINO,45-59,5,1,BAJO
LIMA,HUAROCHIRI,MASCULINO,45-59,6,11,ALTO
LIMA,HUAROCHIRI,MASCULINO,45-59,7,3,MEDIO
LIMA,HUAROCHIRI,MASCULINO,45-59,8,3,MEDIO
LIMA,HUAROCHIRI,MASCULINO,60-74,5,2,MEDIO
LIMA,HUAROCHIRI,MASCULINO,60-74,6,3,MEDIO
LIMA,HUAROCHIRI,MASCULINO,60-74,7,4,ALTO
LIMA,HUAROCHIRI,MASCULINO,60-74,8,2,MEDIO
LIMA,HUAROCHIRI,MASCULINO,75+,4,1,BAJO
LIMA,HUAROCHIRI,MASCULINO,75+,5,2,MEDIO
LIMA,HUAROCHIRI,MASCULINO,75+,6,1,BAJO
LIMA,HUAROCHIRI,MASCULINO,75+,7,1,BAJO
LIMA,HUAROCHIRI,MASCULINO,75+,8,2,MEDIO
LIMA,HUAURA,FEMENINO,30-44,5,2,MEDIO
LIMA,HUAURA,FEMENINO,30-44,6,2,MEDIO
LIMA,HUAURA,FEMENINO,30-44,7,3,MEDIO
LIMA,HUAURA,FEMENINO,45-59,4,1,BAJO
LIMA,HUAURA,FEMENINO,45-59,5,2,MEDIO
LIMA,HUAURA,FEMENINO,45-59,6,9,ALTO
LIMA,HUAURA,FEMENINO,45-59,7,5,ALTO
LIMA,HUAURA,FEMENINO,45-59,8,2,MEDIO
LIMA,HUAURA,FEMENINO,60-74,5,5,ALTO
LIMA,HUAURA,FEMENINO,60-74,6,18,ALTO
LIMA,HUAURA,FEMENINO,60-74,7,16,ALTO
LIMA,HUAURA,FEMENINO,60-74,8,7,ALTO
LIMA,HUAURA,FEMENINO,75+,4,1,BAJO
LIMA,HUAURA,FEMENINO,75+,5,3,MEDIO
LIMA,HUAURA,FEMENINO,75+,6,14,ALTO
LIMA,HUAURA,FEMENINO,75+,7,8,ALTO
LIMA,HUAURA,FEMENINO,75+,8,6,ALTO
LIMA,HUAURA,MASCULINO,30-44,5,2,MEDIO
LIMA,HUAURA,MASCULINO,30-44,6,6,ALTO
LIMA,HUAURA,MASCULINO,30-44,7,4,ALTO
LIMA,HUAURA,MASCULINO,30-44,8,1,BAJO
LIMA,HUAURA,MASCULINO,45-59,4,1,BAJO
LIMA,HUAURA,MASCULINO,45-59,5,4,ALTO
LIMA,HUAURA,MASCULINO,45-59,6,26,ALTO
LIMA,HUAURA,MASCULINO,45-59,7,8,ALTO
LIMA,HUAURA,MASCULINO,45-59,8,11,ALTO
LIMA,HUAURA,MASCULINO,60-74,4,7,ALTO
LIMA,HUAURA,MASCULINO,60-74,5,13,ALTO
LIMA,HUAURA,MASCULINO,60-74,6,45,ALTO
LIMA,HUAURA,MASCULINO,60-74,7,24,ALTO
LIMA,HUAURA,MASCULINO,60-74,8,5,ALTO
LIMA,HUAURA,MASCULINO,75+,3,1,BAJO
LIMA,HUAURA,MASCULINO,75+,4,3,MEDIO
LIMA,HUAURA,MASCULINO,75+,5,10,ALTO
LIMA,HUAURA,MASCULINO,75+,6,40,ALTO
LIMA,HUAURA,MASCULINO,75+,7,26,ALTO
LIMA,HUAURA,MASCULINO,75+,8,6,ALTO
LIMA,LIMA,FEMENINO,0-17,4,4,ALTO
LIMA,LIMA,FEMENINO,0-17,5,4,ALTO
LIMA,LIMA,FEMENINO,0-17,6,2,MEDIO
LIMA,LIMA,FEMENINO,0-17,7,5,ALTO
LIMA,LIMA,FEMENINO,0-17,8,1,BAJO
LIMA,LIMA,FEMENINO,18-29,3,1,BAJO
LIMA,LIMA,FEMENINO,18-29,4,4,ALTO
LIMA,LIMA,FEMENINO,18-29,5,4,ALTO
LIMA,LIMA,FEMENINO,18-29,6,8,ALTO
LIMA,LIMA,FEMENINO,18-29,7,3,MEDIO
LIMA,LIMA,FEMENINO,18-29,8,1,BAJO
LIMA,LIMA,FEMENINO,30-44,4,13,ALTO
LIMA,LIMA,FEMENINO,30-44,5,35,ALTO
LIMA,LIMA,FEMENINO,30-44,6,38,ALTO
LIMA,LIMA,FEMENINO,30-44,7,24,ALTO
LIMA,LIMA,FEMENINO,30-44,8,12,ALTO
LIMA,LIMA,FEMENINO,45-59,3,1,BAJO
LIMA,LIMA,FEMENINO,45-59,4,73,ALTO
LIMA,LIMA,FEMENINO,45-59,5,154,ALTO
LIMA,LIMA,FEMENINO,45-59,6,125,ALTO
LIMA,LIMA,FEMENINO,45-59,7,111,ALTO
LIMA,LIMA,FEMENINO,45-59,8,84,ALTO
LIMA,LIMA,FEMENINO,60-74,3,4,ALTO
LIMA,LIMA,FEMENINO,60-74,4,160,ALTO
LIMA,LIMA,FEMENINO,60-74,5,372,ALTO
LIMA,LIMA,FEMENINO,60-74,6,309,ALTO
LIMA,LIMA,FEMENINO,60-74,7,268,ALTO
LIMA,LIMA,FEMENINO,60-74,8,159,ALTO
LIMA,LIMA,FEMENINO,75+,3,7,ALTO
LIMA,LIMA,FEMENINO,75+,4,119,ALTO
LIMA,LIMA,FEMENINO,75+,5,240,ALTO
LIMA,LIMA,FEMENINO,75+,6,247,ALTO
LIMA,LIMA,FEMENINO,75+,7,217,ALTO
LIMA,LIMA,FEMENINO,75+,8,135,ALTO
LIMA,LIMA,MASCULINO,0-17,4,1,BAJO
LIMA,LIMA,MASCULINO,0-17,5,8,ALTO
LIMA,LIMA,MASCULINO,0-17,6,7,ALTO
LIMA,LIMA,MASCULINO,0-17,7,5,ALTO
LIMA,LIMA,MASCULINO,18-29,3,1,BAJO
LIMA,LIMA,MASCULINO,18-29,4,8,ALTO
LIMA,LIMA,MASCULINO,18-29,5,19,ALTO
LIMA,LIMA,MASCULINO,18-29,6,10,ALTO
LIMA,LIMA,MASCULINO,18-29,7,11,ALTO
LIMA,LIMA,MASCULINO,18-29,8,10,ALTO
LIMA,LIMA,MASCULINO,30-44,3,3,MEDIO
LIMA,LIMA,MASCULINO,30-44,4,73,ALTO
LIMA,LIMA,MASCULINO,30-44,5,108,ALTO
LIMA,LIMA,MASCULINO,30-44,6,95,ALTO
LIMA,LIMA,MASCULINO,30-44,7,90,ALTO
LIMA,LIMA,MASCULINO,30-44,8,44,ALTO
LIMA,LIMA,MASCULINO,45-59,3,6,ALTO
LIMA,LIMA,MASCULINO,45-59,4,259,ALTO
LIMA,LIMA,MASCULINO,45-59,5,552,ALTO
LIMA,LIMA,MASCULINO,45-59,6,507,ALTO
LIMA,LIMA,MASCULINO,45-59,7,415,ALTO
LIMA,LIMA,MASCULINO,45-59,8,236,ALTO
LIMA,LIMA,MASCULINO,60-74,3,11,ALTO
LIMA,LIMA,MASCULINO,60-74,4,390,ALTO
LIMA,LIMA,MASCULINO,60-74,5,875,ALTO
LIMA,LIMA,MASCULINO,60-74,6,747,ALTO
LIMA,LIMA,MASCULINO,60-74,7,684,ALTO
LIMA,LIMA,MASCULINO,60-74,8,401,ALTO
LIMA,LIMA,MASCULINO,75+,3,12,ALTO
LIMA,LIMA,MASCULINO,75+,4,244,ALTO
LIMA,LIMA,MASCULINO,75+,5,487,ALTO
LIMA,LIMA,MASCULINO,75+,6,459,ALTO
LIMA,LIMA,MASCULINO,75+,7,401,ALTO
LIMA,LIMA,MASCULINO,75+,8,221,ALTO
LIMA,NO REGISTRADO,FEMENINO,30-44,5,4,ALTO
LIMA,NO REGISTRADO,FEMENINO,45-59,4,1,BAJO
LIMA,NO REGISTRADO,FEMENINO,45-59,5,13,ALTO
LIMA,NO REGISTRADO,FEMENINO,60-74,4,4,ALTO
LIMA,NO REGISTRADO,FEMENINO,60-74,5,36,ALTO
LIMA,NO REGISTRADO,FEMENINO,75+,4,3,MEDIO
LIMA,NO REGISTRADO,FEMENINO,75+,5,21,ALTO
LIMA,NO REGISTRADO,MASCULINO,18-29,4,1,BAJO
LIMA,NO REGISTRADO,MASCULINO,30-44,4,3,MEDIO
LIMA,NO REGISTRADO,MASCULINO,30-44,5,13,ALTO
LIMA,NO REGISTRADO,MASCULINO,45-59,4,4,ALTO
LIMA,NO REGISTRADO,MASCULINO,45-59,5,44,ALTO
LIMA,NO REGISTRADO,MASCULINO,60-74,4,16,ALTO
LIMA,NO REGISTRADO,MASCULINO,60-74,5,82,ALTO
LIMA,NO REGISTRADO,MASCULINO,75+,4,9,ALTO
LIMA,NO REGISTRADO,MASCULINO,75+,5,58,ALTO
LIMA,OYON,FEMENINO,60-74,8,1,BAJO
LIMA,OYON,MASCULINO,60-74,4,2,MEDIO
LIMA,OYON,MASCULINO,60-74,5,1,BAJO
LIMA,OYON,MASCULINO,75+,6,1,BAJO
LIMA,OYON,MASCULINO,75+,8,1,BAJO
LIMA,YAUYOS,FEMENINO,60-74,6,1,BAJO
LIMA,YAUYOS,FEMENINO,60-74,7,2,MEDIO
LIMA,YAUYOS,MASCULINO,45-59,6,1,BAJO
LIMA,YAUYOS,MASCULINO,60-74,6,1,BAJO
LIMA,YAUYOS,MASCULINO,60-74,7,2,MEDIO
LIMA,YAUYOS,MASCULINO,75+,5,2,MEDIO
LIMA,YAUYOS,MASCULINO,75+,6,1,BAJO
LIMA,YAUYOS,MASCULINO,75+,8,1,BAJO
LORETO,ALTO AMAZONAS,FEMENINO,0-17,7,1,BAJO
LORETO,ALTO AMAZONAS,FEMENINO,30-44,4,1,BAJO
LORETO,ALTO AMAZONAS,FEMENINO,30-44,5,2,MEDIO
LORETO,ALTO AMAZONAS,FEMENINO,30-44,6,1,BAJO
LORETO,ALTO AMAZONAS,FEMENINO,30-44,8,1,BAJO
LORETO,ALTO AMAZONAS,FEMENINO,45-59,5,1,BAJO
LORETO,ALTO AMAZONAS,FEMENINO,45-59,6,1,BAJO
LORETO,ALTO AMAZONAS,FEMENINO,60-74,4,1,BAJO
LORETO,ALTO AMAZONAS,FEMENINO,60-74,5,1,BAJO
LORETO,ALTO AMAZONAS,FEMENINO,60-74,6,1,BAJO
LORETO,ALTO AMAZONAS,FEMENINO,75+,5,1,BAJO
LORETO,ALTO AMAZONAS,FEMENINO,75+,6,1,BAJO
LORETO,ALTO AMAZONAS,FEMENINO,75+,8,1,BAJO
LORETO,ALTO AMAZONAS,MASCULINO,30-44,5,1,BAJO
LORETO,ALTO AMAZONAS,MASCULINO,30-44,6,1,BAJO
LORETO,ALTO AMAZONAS,MASCULINO,30-44,8,2,MEDIO
LORETO,ALTO AMAZONAS,MASCULINO,45-59,5,4,ALTO
LORETO,ALTO AMAZONAS,MASCULINO,45-59,6,2,MEDIO
LORETO,ALTO AMAZONAS,MASCULINO,60-74,5,5,ALTO
LORETO,ALTO AMAZONAS,MASCULINO,60-74,6,2,MEDIO
LORETO,ALTO AMAZONAS,MASCULINO,75+,5,1,BAJO
LORETO,ALTO AMAZONAS,MASCULINO,75+,6,2,MEDIO
LORETO,DATEM DEL MARANON,MASCULINO,45-59,7,1,BAJO
LORETO,DATEM DEL MARAÑON,FEMENINO,45-59,5,1,BAJO
LORETO,DATEM DEL MARAÑON,FEMENINO,45-59,6,1,BAJO
LORETO,DATEM DEL MARAÑON,FEMENINO,60-74,6,1,BAJO
LORETO,DATEM DEL MARAÑON,MASCULINO,60-74,5,1,BAJO
LORETO,DATEM DEL MARAÑON,MASCULINO,60-74,7,1,BAJO
LORETO,LORETO,FEMENINO,18-29,5,2,MEDIO
LORETO,LORETO,FEMENINO,45-59,5,1,BAJO
LORETO,LORETO,FEMENINO,60-74,5,3,MEDIO
LORETO,LORETO,FEMENINO,60-74,7,1,BAJO
LORETO,LORETO,FEMENINO,75+,5,1,BAJO
LORETO,LORETO,MASCULINO,30-44,5,1,BAJO
LORETO,LORETO,MASCULINO,45-59,5,4,ALTO
LORETO,LORETO,MASCULINO,45-59,6,1,BAJO
LORETO,LORETO,MASCULINO,45-59,7,1,BAJO
LORETO,LORETO,MASCULINO,60-74,5,4,ALTO
LORETO,LORETO,MASCULINO,60-74,6,4,ALTO
LORETO,LORETO,MASCULINO,75+,5,5,ALTO
LORETO,LORETO,MASCULINO,75+,6,2,MEDIO
LORETO,MARISCAL RAMON CASTILLA,FEMENINO,30-44,6,1,BAJO
LORETO,MARISCAL RAMON CASTILLA,FEMENINO,45-59,6,1,BAJO
LORETO,MARISCAL RAMON CASTILLA,FEMENINO,60-74,5,4,ALTO
LORETO,MARISCAL RAMON CASTILLA,FEMENINO,60-74,6,2,MEDIO
LORETO,MARISCAL RAMON CASTILLA,MASCULINO,0-17,7,1,BAJO
LORETO,MARISCAL RAMON CASTILLA,MASCULINO,30-44,4,1,BAJO
LORETO,MARISCAL RAMON CASTILLA,MASCULINO,30-44,5,1,BAJO
LORETO,MARISCAL RAMON CASTILLA,MASCULINO,45-59,3,1,BAJO
LORETO,MARISCAL RAMON CASTILLA,MASCULINO,45-59,5,1,BAJO
LORETO,MARISCAL RAMON CASTILLA,MASCULINO,45-59,7,1,BAJO
LORETO,MARISCAL RAMON CASTILLA,MASCULINO,60-74,5,4,ALTO
LORETO,MARISCAL RAMON CASTILLA,MASCULINO,75+,5,4,ALTO
LORETO,MAYNAS,FEMENINO,18-29,5,2,MEDIO
LORETO,MAYNAS,FEMENINO,18-29,6,1,BAJO
LORETO,MAYNAS,FEMENINO,18-29,8,1,BAJO
LORETO,MAYNAS,FEMENINO,30-44,4,6,ALTO
LORETO,MAYNAS,FEMENINO,30-44,5,6,ALTO
LORETO,MAYNAS,FEMENINO,30-44,7,3,MEDIO
LORETO,MAYNAS,FEMENINO,30-44,8,2,MEDIO
LORETO,MAYNAS,FEMENINO,45-59,4,6,ALTO
LORETO,MAYNAS,FEMENINO,45-59,5,8,ALTO
LORETO,MAYNAS,FEMENINO,45-59,6,7,ALTO
LORETO,MAYNAS,FEMENINO,45-59,7,1,BAJO
LORETO,MAYNAS,FEMENINO,60-74,4,10,ALTO
LORETO,MAYNAS,FEMENINO,60-74,5,20,ALTO
LORETO,MAYNAS,FEMENINO,60-74,6,8,ALTO
LORETO,MAYNAS,FEMENINO,60-74,7,3,MEDIO
LORETO,MAYNAS,FEMENINO,60-74,8,1,BAJO
LORETO,MAYNAS,FEMENINO,75+,4,4,ALTO
LORETO,MAYNAS,FEMENINO,75+,5,17,ALTO
LORETO,MAYNAS,FEMENINO,75+,6,6,ALTO
LORETO,MAYNAS,FEMENINO,75+,7,2,MEDIO
LORETO,MAYNAS,FEMENINO,75+,8,2,MEDIO
LORETO,MAYNAS,MASCULINO,0-17,3,1,BAJO
LORETO,MAYNAS,MASCULINO,18-29,4,1,BAJO
LORETO,MAYNAS,MASCULINO,18-29,5,2,MEDIO
LORETO,MAYNAS,MASCULINO,18-29,8,1,BAJO
LORETO,MAYNAS,MASCULINO,30-44,4,6,ALTO
LORETO,MAYNAS,MASCULINO,30-44,5,11,ALTO
LORETO,MAYNAS,MASCULINO,30-44,6,4,ALTO
LORETO,MAYNAS,MASCULINO,30-44,7,2,MEDIO
LORETO,MAYNAS,MASCULINO,45-59,3,1,BAJO
LORETO,MAYNAS,MASCULINO,45-59,4,20,ALTO
LORETO,MAYNAS,MASCULINO,45-59,5,42,ALTO
LORETO,MAYNAS,MASCULINO,45-59,6,6,ALTO
LORETO,MAYNAS,MASCULINO,45-59,7,1,BAJO
LORETO,MAYNAS,MASCULINO,45-59,8,3,MEDIO
LORETO,MAYNAS,MASCULINO,60-74,3,1,BAJO
LORETO,MAYNAS,MASCULINO,60-74,4,45,ALTO
LORETO,MAYNAS,MASCULINO,60-74,5,69,ALTO
LORETO,MAYNAS,MASCULINO,60-74,6,18,ALTO
LORETO,MAYNAS,MASCULINO,60-74,7,3,MEDIO
LORETO,MAYNAS,MASCULINO,60-74,8,6,ALTO
LORETO,MAYNAS,MASCULINO,75+,4,25,ALTO
LORETO,MAYNAS,MASCULINO,75+,5,32,ALTO
LORETO,MAYNAS,MASCULINO,75+,6,13,ALTO
LORETO,MAYNAS,MASCULINO,75+,7,3,MEDIO
LORETO,MAYNAS,MASCULINO,75+,8,4,ALTO
LORETO,NO REGISTRADO,FEMENINO,0-17,5,1,BAJO
LORETO,NO REGISTRADO,FEMENINO,30-44,4,5,ALTO
LORETO,NO REGISTRADO,FEMENINO,30-44,5,1,BAJO
LORETO,NO REGISTRADO,FEMENINO,45-59,4,1,BAJO
LORETO,NO REGISTRADO,FEMENINO,45-59,5,7,ALTO
LORETO,NO REGISTRADO,FEMENINO,60-74,4,7,ALTO
LORETO,NO REGISTRADO,FEMENINO,60-74,5,21,ALTO
LORETO,NO REGISTRADO,FEMENINO,75+,4,6,ALTO
LORETO,NO REGISTRADO,FEMENINO,75+,5,17,ALTO
LORETO,NO REGISTRADO,MASCULINO,0-17,5,1,BAJO
LORETO,NO REGISTRADO,MASCULINO,18-29,4,1,BAJO
LORETO,NO REGISTRADO,MASCULINO,18-29,5,3,MEDIO
LORETO,NO REGISTRADO,MASCULINO,30-44,4,1,BAJO
LORETO,NO REGISTRADO,MASCULINO,30-44,5,8,ALTO
LORETO,NO REGISTRADO,MASCULINO,45-59,4,16,ALTO
LORETO,NO REGISTRADO,MASCULINO,45-59,5,28,ALTO
LORETO,NO REGISTRADO,MASCULINO,60-74,4,25,ALTO
LORETO,NO REGISTRADO,MASCULINO,60-74,5,44,ALTO
LORETO,NO REGISTRADO,MASCULINO,75+,4,6,ALTO
LORETO,NO REGISTRADO,MASCULINO,75+,5,34,ALTO
LORETO,PUTUMAYO,MASCULINO,60-74,6,1,BAJO
LORETO,PUTUMAYO,MASCULINO,60-74,7,2,MEDIO
LORETO,REQUENA,FEMENINO,45-59,5,3,MEDIO
LORETO,REQUENA,FEMENINO,45-59,6,1,BAJO
LORETO,REQUENA,FEMENINO,60-74,5,6,ALTO
LORETO,REQUENA,MASCULINO,30-44,5,1,BAJO
LORETO,REQUENA,MASCULINO,45-59,5,6,ALTO
LORETO,REQUENA,MASCULINO,45-59,6,1,BAJO
LORETO,REQUENA,MASCULINO,60-74,4,1,BAJO
LORETO,REQUENA,MASCULINO,60-74,5,8,ALTO
LORETO,REQUENA,MASCULINO,60-74,7,1,BAJO
LORETO,REQUENA,MASCULINO,75+,4,1,BAJO
LORETO,REQUENA,MASCULINO,75+,5,4,ALTO
LORETO,REQUENA,MASCULINO,75+,6,3,MEDIO
LORETO,UCAYALI,FEMENINO,0-17,7,1,BAJO
LORETO,UCAYALI,FEMENINO,30-44,8,1,BAJO
LORETO,UCAYALI,FEMENINO,45-59,6,1,BAJO
LORETO,UCAYALI,FEMENINO,60-74,8,1,BAJO
LORETO,UCAYALI,FEMENINO,75+,7,1,BAJO
LORETO,UCAYALI,FEMENINO,75+,8,1,BAJO
LORETO,UCAYALI,MASCULINO,0-17,5,1,BAJO
LORETO,UCAYALI,MASCULINO,45-59,6,1,BAJO
LORETO,UCAYALI,MASCULINO,60-74,5,3,MEDIO
LORETO,UCAYALI,MASCULINO,60-74,6,2,MEDIO
LORETO,UCAYALI,MASCULINO,60-74,8,1,BAJO
LORETO,UCAYALI,MASCULINO,75+,5,4,ALTO
LORETO,UCAYALI,MASCULINO,75+,6,2,MEDIO
MADRE DE DIOS,MANU,MASCULINO,45-59,6,1,BAJO
MADRE DE DIOS,MANU,MASCULINO,60-74,6,1,BAJO
MADRE DE DIOS,MANU,MASCULINO,60-74,8,2,MEDIO
MADRE DE DIOS,NO REGISTRADO,FEMENINO,18-29,5,1,BAJO
MADRE DE DIOS,NO REGISTRADO,MASCULINO,30-44,5,1,BAJO
MADRE DE DIOS,TAHUAMANU,FEMENINO,60-74,6,1,BAJO
MADRE DE DIOS,TAHUAMANU,FEMENINO,60-74,7,1,BAJO
MADRE DE DIOS,TAHUAMANU,MASCULINO,45-59,8,1,BAJO
MADRE DE DIOS,TAHUAMANU,MASCULINO,60-74,6,2,MEDIO
MADRE DE DIOS,TAHUAMANU,MASCULINO,75+,8,1,BAJO
MADRE DE DIOS,TAMBOPATA,FEMENINO,30-44,8,1,BAJO
MADRE DE DIOS,TAMBOPATA,FEMENINO,45-59,5,1,BAJO
MADRE DE DIOS,TAMBOPATA,FEMENINO,45-59,6,3,MEDIO
MADRE DE DIOS,TAMBOPATA,FEMENINO,45-59,7,3,MEDIO
MADRE DE DIOS,TAMBOPATA,FEMENINO,45-59,8,1,BAJO
MADRE DE DIOS,TAMBOPATA,FEMENINO,60-74,4,1,BAJO
MADRE DE DIOS,TAMBOPATA,FEMENINO,60-74,5,1,BAJO
MADRE DE DIOS,TAMBOPATA,FEMENINO,60-74,6,5,ALTO
MADRE DE DIOS,TAMBOPATA,FEMENINO,60-74,7,3,MEDIO
MADRE DE DIOS,TAMBOPATA,FEMENINO,60-74,8,2,MEDIO
MADRE DE DIOS,TAMBOPATA,FEMENINO,75+,6,6,ALTO
MADRE DE DIOS,TAMBOPATA,FEMENINO,75+,8,1,BAJO
MADRE DE DIOS,TAMBOPATA,MASCULINO,30-44,5,1,BAJO
MADRE DE DIOS,TAMBOPATA,MASCULINO,30-44,6,3,MEDIO
MADRE DE DIOS,TAMBOPATA,MASCULINO,30-44,7,3,MEDIO
MADRE DE DIOS,TAMBOPATA,MASCULINO,30-44,8,1,BAJO
MADRE DE DIOS,TAMBOPATA,MASCULINO,45-59,5,2,MEDIO
MADRE DE DIOS,TAMBOPATA,MASCULINO,45-59,6,16,ALTO
MADRE DE DIOS,TAMBOPATA,MASCULINO,45-59,7,5,ALTO
MADRE DE DIOS,TAMBOPATA,MASCULINO,45-59,8,2,MEDIO
MADRE DE DIOS,TAMBOPATA,MASCULINO,60-74,6,20,ALTO
MADRE DE DIOS,TAMBOPATA,MASCULINO,60-74,7,9,ALTO
MADRE DE DIOS,TAMBOPATA,MASCULINO,60-74,8,3,MEDIO
MADRE DE DIOS,TAMBOPATA,MASCULINO,75+,5,2,MEDIO
MADRE DE DIOS,TAMBOPATA,MASCULINO,75+,6,15,ALTO
MADRE DE DIOS,TAMBOPATA,MASCULINO,75+,7,5,ALTO
MADRE DE DIOS,TAMBOPATA,MASCULINO,75+,8,1,BAJO
MOQUEGUA,GENERAL SANCHEZ CERRO,FEMENINO,60-74,7,1,BAJO
MOQUEGUA,GENERAL SANCHEZ CERRO,FEMENINO,60-74,8,1,BAJO
MOQUEGUA,GENERAL SANCHEZ CERRO,MASCULINO,75+,6,2,MEDIO
MOQUEGUA,ILO,FEMENINO,30-44,6,1,BAJO
MOQUEGUA,ILO,FEMENINO,30-44,7,3,MEDIO
MOQUEGUA,ILO,FEMENINO,45-59,6,1,BAJO
MOQUEGUA,ILO,FEMENINO,45-59,7,3,MEDIO
MOQUEGUA,ILO,FEMENINO,45-59,8,1,BAJO
MOQUEGUA,ILO,FEMENINO,60-74,6,5,ALTO
MOQUEGUA,ILO,FEMENINO,60-74,7,8,ALTO
MOQUEGUA,ILO,FEMENINO,60-74,8,4,ALTO
MOQUEGUA,ILO,FEMENINO,75+,6,1,BAJO
MOQUEGUA,ILO,FEMENINO,75+,7,2,MEDIO
MOQUEGUA,ILO,FEMENINO,75+,8,1,BAJO
MOQUEGUA,ILO,MASCULINO,0-17,7,1,BAJO
MOQUEGUA,ILO,MASCULINO,30-44,7,1,BAJO
MOQUEGUA,ILO,MASCULINO,30-44,8,1,BAJO
MOQUEGUA,ILO,MASCULINO,45-59,6,1,BAJO
MOQUEGUA,ILO,MASCULINO,45-59,7,17,ALTO
MOQUEGUA,ILO,MASCULINO,45-59,8,5,ALTO
MOQUEGUA,ILO,MASCULINO,60-74,5,2,MEDIO
MOQUEGUA,ILO,MASCULINO,60-74,6,3,MEDIO
MOQUEGUA,ILO,MASCULINO,60-74,7,12,ALTO
MOQUEGUA,ILO,MASCULINO,60-74,8,8,ALTO
MOQUEGUA,ILO,MASCULINO,75+,5,2,MEDIO
MOQUEGUA,ILO,MASCULINO,75+,6,4,ALTO
MOQUEGUA,ILO,MASCULINO,75+,7,9,ALTO
MOQUEGUA,ILO,MASCULINO,75+,8,3,MEDIO
MOQUEGUA,MARISCAL NIETO,FEMENINO,45-59,7,3,MEDIO
MOQUEGUA,MARISCAL NIETO,FEMENINO,45-59,8,2,MEDIO
MOQUEGUA,MARISCAL NIETO,FEMENINO,60-74,4,1,BAJO
MOQUEGUA,MARISCAL NIETO,FEMENINO,60-74,6,2,MEDIO
MOQUEGUA,MARISCAL NIETO,FEMENINO,60-74,7,5,ALTO
MOQUEGUA,MARISCAL NIETO,FEMENINO,60-74,8,4,ALTO
MOQUEGUA,MARISCAL NIETO,FEMENINO,75+,7,4,ALTO
MOQUEGUA,MARISCAL NIETO,FEMENINO,75+,8,3,MEDIO
MOQUEGUA,MARISCAL NIETO,MASCULINO,30-44,7,1,BAJO
MOQUEGUA,MARISCAL NIETO,MASCULINO,30-44,8,1,BAJO
MOQUEGUA,MARISCAL NIETO,MASCULINO,45-59,6,1,BAJO
MOQUEGUA,MARISCAL NIETO,MASCULINO,45-59,7,7,ALTO
MOQUEGUA,MARISCAL NIETO,MASCULINO,45-59,8,5,ALTO
MOQUEGUA,MARISCAL NIETO,MASCULINO,60-74,6,1,BAJO
MOQUEGUA,MARISCAL NIETO,MASCULINO,60-74,7,14,ALTO
MOQUEGUA,MARISCAL NIETO,MASCULINO,60-74,8,14,ALTO
MOQUEGUA,MARISCAL NIETO,MASCULINO,75+,6,1,BAJO
MOQUEGUA,MARISCAL NIETO,MASCULINO,75+,7,10,ALTO
MOQUEGUA,MARISCAL NIETO,MASCULINO,75+,8,8,ALTO
MOQUEGUA,NO REGISTRADO,FEMENINO,60-74,5,1,BAJO
PASCO,DANIEL ALCIDES CARRION,FEMENINO,60-74,6,2,MEDIO
PASCO,DANIEL ALCIDES CARRION,FEMENINO,60-74,7,1,BAJO
PASCO,DANIEL ALCIDES CARRION,FEMENINO,75+,4,1,BAJO
PASCO,DANIEL ALCIDES CARRION,FEMENINO,75+,6,2,MEDIO
PASCO,DANIEL ALCIDES CARRION,FEMENINO,75+,8,1,BAJO
PASCO,DANIEL ALCIDES CARRION,MASCULINO,30-44,6,1,BAJO
PASCO,DANIEL ALCIDES CARRION,MASCULINO,60-74,7,1,BAJO
PASCO,DANIEL ALCIDES CARRION,MASCULINO,60-74,8,1,BAJO
PASCO,DANIEL ALCIDES CARRION,MASCULINO,75+,7,1,BAJO
PASCO,NO REGISTRADO,FEMENINO,45-59,5,1,BAJO
PASCO,NO REGISTRADO,FEMENINO,75+,5,1,BAJO
PASCO,NO REGISTRADO,MASCULINO,30-44,5,1,BAJO
PASCO,NO REGISTRADO,MASCULINO,75+,5,1,BAJO
PASCO,OXAPAMPA,FEMENINO,0-17,6,1,BAJO
PASCO,OXAPAMPA,FEMENINO,45-59,6,1,BAJO
PASCO,OXAPAMPA,FEMENINO,45-59,7,1,BAJO
PASCO,OXAPAMPA,FEMENINO,45-59,8,1,BAJO
PASCO,OXAPAMPA,FEMENINO,60-74,7,1,BAJO
PASCO,OXAPAMPA,FEMENINO,75+,6,1,BAJO
PASCO,OXAPAMPA,MASCULINO,0-17,8,1,BAJO
PASCO,OXAPAMPA,MASCULINO,45-59,6,1,BAJO
PASCO,OXAPAMPA,MASCULINO,45-59,7,1,BAJO
PASCO,OXAPAMPA,MASCULINO,60-74,7,3,MEDIO
PASCO,OXAPAMPA,MASCULINO,75+,7,1,BAJO
PASCO,OXAPAMPA,MASCULINO,75+,8,2,MEDIO
PASCO,PASCO,FEMENINO,18-29,7,1,BAJO
PASCO,PASCO,FEMENINO,45-59,5,1,BAJO
PASCO,PASCO,FEMENINO,45-59,6,1,BAJO
PASCO,PASCO,FEMENINO,45-59,8,1,BAJO
PASCO,PASCO,FEMENINO,60-74,6,2,MEDIO
PASCO,PASCO,FEMENINO,60-74,7,3,MEDIO
PASCO,PASCO,FEMENINO,60-74,8,2,MEDIO
PASCO,PASCO,FEMENINO,75+,5,2,MEDIO
PASCO,PASCO,FEMENINO,75+,6,3,MEDIO
PASCO,PASCO,MASCULINO,18-29,8,1,BAJO
PASCO,PASCO,MASCULINO,30-44,7,1,BAJO
PASCO,PASCO,MASCULINO,45-59,5,1,BAJO
PASCO,PASCO,MASCULINO,45-59,6,5,ALTO
PASCO,PASCO,MASCULINO,45-59,7,5,ALTO
PASCO,PASCO,MASCULINO,45-59,8,2,MEDIO
PASCO,PASCO,MASCULINO,60-74,6,3,MEDIO
PASCO,PASCO,MASCULINO,60-74,7,7,ALTO
PASCO,PASCO,MASCULINO,60-74,8,2,MEDIO
PASCO,PASCO,MASCULINO,75+,5,1,BAJO
PASCO,PASCO,MASCULINO,75+,6,1,BAJO
PIURA,AYABACA,FEMENINO,45-59,6,1,BAJO
PIURA,AYABACA,FEMENINO,60-74,6,1,BAJO
PIURA,AYABACA,FEMENINO,60-74,8,1,BAJO
PIURA,AYABACA,FEMENINO,75+,5,1,BAJO
PIURA,AYABACA,FEMENINO,75+,6,4,ALTO
PIURA,AYABACA,FEMENINO,75+,7,1,BAJO
PIURA,AYABACA,MASCULINO,0-17,4,1,BAJO
PIURA,AYABACA,MASCULINO,30-44,6,1,BAJO
PIURA,AYABACA,MASCULINO,30-44,7,1,BAJO
PIURA,AYABACA,MASCULINO,45-59,5,1,BAJO
PIURA,AYABACA,MASCULINO,45-59,6,1,BAJO
PIURA,AYABACA,MASCULINO,45-59,8,1,BAJO
PIURA,AYABACA,MASCULINO,60-74,6,4,ALTO
PIURA,AYABACA,MASCULINO,60-74,8,1,BAJO
PIURA,AYABACA,MASCULINO,75+,6,4,ALTO
PIURA,HUANCABAMBA,FEMENINO,60-74,5,1,BAJO
PIURA,HUANCABAMBA,FEMENINO,60-74,8,1,BAJO
PIURA,HUANCABAMBA,FEMENINO,75+,5,2,MEDIO
PIURA,HUANCABAMBA,FEMENINO,75+,7,2,MEDIO
PIURA,HUANCABAMBA,MASCULINO,30-44,5,1,BAJO
PIURA,HUANCABAMBA,MASCULINO,45-59,8,1,BAJO
PIURA,HUANCABAMBA,MASCULINO,60-74,6,3,MEDIO
PIURA,HUANCABAMBA,MASCULINO,60-74,7,2,MEDIO
PIURA,HUANCABAMBA,MASCULINO,75+,6,4,ALTO
PIURA,HUANCABAMBA,MASCULINO,75+,7,1,BAJO
PIURA,MORROPON,FEMENINO,0-17,4,1,BAJO
PIURA,MORROPON,FEMENINO,18-29,5,1,BAJO
PIURA,MORROPON,FEMENINO,30-44,6,2,MEDIO
PIURA,MORROPON,FEMENINO,45-59,5,1,BAJO
PIURA,MORROPON,FEMENINO,45-59,6,6,ALTO
PIURA,MORROPON,FEMENINO,45-59,7,1,BAJO
PIURA,MORROPON,FEMENINO,45-59,8,2,MEDIO
PIURA,MORROPON,FEMENINO,60-74,4,2,MEDIO
PIURA,MORROPON,FEMENINO,60-74,5,8,ALTO
PIURA,MORROPON,FEMENINO,60-74,6,15,ALTO
PIURA,MORROPON,FEMENINO,75+,4,3,MEDIO
PIURA,MORROPON,FEMENINO,75+,5,7,ALTO
PIURA,MORROPON,FEMENINO,75+,6,13,ALTO
PIURA,MORROPON,FEMENINO,75+,8,1,BAJO
PIURA,MORROPON,MASCULINO,30-44,4,1,BAJO
PIURA,MORROPON,MASCULINO,30-44,6,4,ALTO
PIURA,MORROPON,MASCULINO,30-44,7,1,BAJO
PIURA,MORROPON,MASCULINO,45-59,4,2,MEDIO
PIURA,MORROPON,MASCULINO,45-59,5,15,ALTO
PIURA,MORROPON,MASCULINO,45-59,6,9,ALTO
PIURA,MORROPON,MASCULINO,45-59,7,1,BAJO
PIURA,MORROPON,MASCULINO,45-59,8,3,MEDIO
PIURA,MORROPON,MASCULINO,60-74,4,2,MEDIO
PIURA,MORROPON,MASCULINO,60-74,5,20,ALTO
PIURA,MORROPON,MASCULINO,60-74,6,28,ALTO
PIURA,MORROPON,MASCULINO,60-74,7,4,ALTO
PIURA,MORROPON,MASCULINO,60-74,8,2,MEDIO
PIURA,MORROPON,MASCULINO,75+,4,3,MEDIO
PIURA,MORROPON,MASCULINO,75+,5,10,ALTO
PIURA,MORROPON,MASCULINO,75+,6,25,ALTO
PIURA,MORROPON,MASCULINO,75+,7,3,MEDIO
PIURA,MORROPON,MASCULINO,75+,8,1,BAJO
PIURA,NO REGISTRADO,FEMENINO,0-17,5,1,BAJO
PIURA,NO REGISTRADO,FEMENINO,18-29,5,1,BAJO
PIURA,NO REGISTRADO,FEMENINO,30-44,5,2,MEDIO
PIURA,NO REGISTRADO,FEMENINO,45-59,5,3,MEDIO
PIURA,NO REGISTRADO,FEMENINO,60-74,5,3,MEDIO
PIURA,NO REGISTRADO,FEMENINO,75+,5,1,BAJO
PIURA,NO REGISTRADO,MASCULINO,30-44,4,1,BAJO
PIURA,NO REGISTRADO,MASCULINO,30-44,5,2,MEDIO
PIURA,NO REGISTRADO,MASCULINO,45-59,5,3,MEDIO
PIURA,NO REGISTRADO,MASCULINO,60-74,5,16,ALTO
PIURA,NO REGISTRADO,MASCULINO,75+,5,4,ALTO
PIURA,PAITA,FEMENINO,0-17,8,1,BAJO
PIURA,PAITA,FEMENINO,30-44,6,2,MEDIO
PIURA,PAITA,FEMENINO,30-44,7,1,BAJO
PIURA,PAITA,FEMENINO,45-59,4,1,BAJO
PIURA,PAITA,FEMENINO,45-59,5,5,ALTO
PIURA,PAITA,FEMENINO,45-59,6,5,ALTO
PIURA,PAITA,FEMENINO,45-59,7,2,MEDIO
PIURA,PAITA,FEMENINO,45-59,8,1,BAJO
PIURA,PAITA,FEMENINO,60-74,5,11,ALTO
PIURA,PAITA,FEMENINO,60-74,6,11,ALTO
PIURA,PAITA,FEMENINO,60-74,7,3,MEDIO
PIURA,PAITA,FEMENINO,60-74,8,4,ALTO
PIURA,PAITA,FEMENINO,75+,5,5,ALTO
PIURA,PAITA,FEMENINO,75+,6,8,ALTO
PIURA,PAITA,FEMENINO,75+,7,2,MEDIO
PIURA,PAITA,FEMENINO,75+,8,2,MEDIO
PIURA,PAITA,MASCULINO,30-44,4,1,BAJO
PIURA,PAITA,MASCULINO,30-44,5,4,ALTO
PIURA,PAITA,MASCULINO,30-44,6,4,ALTO
PIURA,PAITA,MASCULINO,30-44,7,1,BAJO
PIURA,PAITA,MASCULINO,30-44,8,2,MEDIO
PIURA,PAITA,MASCULINO,45-59,4,1,BAJO
PIURA,PAITA,MASCULINO,45-59,5,15,ALTO
PIURA,PAITA,MASCULINO,45-59,6,15,ALTO
PIURA,PAITA,MASCULINO,45-59,7,4,ALTO
PIURA,PAITA,MASCULINO,45-59,8,3,MEDIO
PIURA,PAITA,MASCULINO,60-74,4,4,ALTO
PIURA,PAITA,MASCULINO,60-74,5,25,ALTO
PIURA,PAITA,MASCULINO,60-74,6,24,ALTO
PIURA,PAITA,MASCULINO,60-74,7,2,MEDIO
PIURA,PAITA,MASCULINO,60-74,8,3,MEDIO
PIURA,PAITA,MASCULINO,75+,5,14,ALTO
PIURA,PAITA,MASCULINO,75+,6,23,ALTO
PIURA,PAITA,MASCULINO,75+,7,3,MEDIO
PIURA,PAITA,MASCULINO,75+,8,1,BAJO
PIURA,PIURA,FEMENINO,0-17,5,1,BAJO
PIURA,PIURA,FEMENINO,18-29,4,1,BAJO
PIURA,PIURA,FEMENINO,18-29,6,1,BAJO
PIURA,PIURA,FEMENINO,30-44,4,2,MEDIO
PIURA,PIURA,FEMENINO,30-44,5,4,ALTO
PIURA,PIURA,FEMENINO,30-44,6,4,ALTO
PIURA,PIURA,FEMENINO,30-44,7,2,MEDIO
PIURA,PIURA,FEMENINO,30-44,8,1,BAJO
PIURA,PIURA,FEMENINO,45-59,4,8,ALTO
PIURA,PIURA,FEMENINO,45-59,5,14,ALTO
PIURA,PIURA,FEMENINO,45-59,6,18,ALTO
PIURA,PIURA,FEMENINO,45-59,7,6,ALTO
PIURA,PIURA,FEMENINO,60-74,4,15,ALTO
PIURA,PIURA,FEMENINO,60-74,5,37,ALTO
PIURA,PIURA,FEMENINO,60-74,6,41,ALTO
PIURA,PIURA,FEMENINO,60-74,7,6,ALTO
PIURA,PIURA,FEMENINO,60-74,8,5,ALTO
PIURA,PIURA,FEMENINO,75+,4,14,ALTO
PIURA,PIURA,FEMENINO,75+,5,18,ALTO
PIURA,PIURA,FEMENINO,75+,6,27,ALTO
PIURA,PIURA,FEMENINO,75+,7,10,ALTO
PIURA,PIURA,FEMENINO,75+,8,2,MEDIO
PIURA,PIURA,MASCULINO,0-17,4,1,BAJO
PIURA,PIURA,MASCULINO,0-17,5,1,BAJO
PIURA,PIURA,MASCULINO,0-17,6,3,MEDIO
PIURA,PIURA,MASCULINO,0-17,7,1,BAJO
PIURA,PIURA,MASCULINO,18-29,5,1,BAJO
PIURA,PIURA,MASCULINO,18-29,7,1,BAJO
PIURA,PIURA,MASCULINO,18-29,8,2,MEDIO
PIURA,PIURA,MASCULINO,30-44,4,13,ALTO
PIURA,PIURA,MASCULINO,30-44,5,12,ALTO
PIURA,PIURA,MASCULINO,30-44,6,6,ALTO
PIURA,PIURA,MASCULINO,30-44,7,4,ALTO
PIURA,PIURA,MASCULINO,30-44,8,2,MEDIO
PIURA,PIURA,MASCULINO,45-59,4,23,ALTO
PIURA,PIURA,MASCULINO,45-59,5,38,ALTO
PIURA,PIURA,MASCULINO,45-59,6,48,ALTO
PIURA,PIURA,MASCULINO,45-59,7,11,ALTO
PIURA,PIURA,MASCULINO,45-59,8,3,MEDIO
PIURA,PIURA,MASCULINO,60-74,3,1,BAJO
PIURA,PIURA,MASCULINO,60-74,4,34,ALTO
PIURA,PIURA,MASCULINO,60-74,5,67,ALTO
PIURA,PIURA,MASCULINO,60-74,6,71,ALTO
PIURA,PIURA,MASCULINO,60-74,7,20,ALTO
PIURA,PIURA,MASCULINO,60-74,8,15,ALTO
PIURA,PIURA,MASCULINO,75+,4,30,ALTO
PIURA,PIURA,MASCULINO,75+,5,41,ALTO
PIURA,PIURA,MASCULINO,75+,6,43,ALTO
PIURA,PIURA,MASCULINO,75+,7,14,ALTO
PIURA,PIURA,MASCULINO,75+,8,6,ALTO
PIURA,SECHURA,FEMENINO,18-29,6,1,BAJO
PIURA,SECHURA,FEMENINO,30-44,5,1,BAJO
PIURA,SECHURA,FEMENINO,30-44,7,1,BAJO
PIURA,SECHURA,FEMENINO,45-59,5,2,MEDIO
PIURA,SECHURA,FEMENINO,45-59,6,2,MEDIO
PIURA,SECHURA,FEMENINO,60-74,6,1,BAJO
PIURA,SECHURA,FEMENINO,60-74,7,1,BAJO
PIURA,SECHURA,FEMENINO,60-74,8,2,MEDIO
PIURA,SECHURA,FEMENINO,75+,5,1,BAJO
PIURA,SECHURA,FEMENINO,75+,6,1,BAJO
PIURA,SECHURA,MASCULINO,18-29,6,1,BAJO
PIURA,SECHURA,MASCULINO,30-44,5,1,BAJO
PIURA,SECHURA,MASCULINO,30-44,6,2,MEDIO
PIURA,SECHURA,MASCULINO,45-59,5,5,ALTO
PIURA,SECHURA,MASCULINO,45-59,6,3,MEDIO
PIURA,SECHURA,MASCULINO,45-59,7,2,MEDIO
PIURA,SECHURA,MASCULINO,45-59,8,2,MEDIO
PIURA,SECHURA,MASCULINO,60-74,5,6,ALTO
PIURA,SECHURA,MASCULINO,60-74,6,9,ALTO
PIURA,SECHURA,MASCULINO,60-74,8,4,ALTO
PIURA,SECHURA,MASCULINO,75+,4,1,BAJO
PIURA,SECHURA,MASCULINO,75+,5,1,BAJO
PIURA,SECHURA,MASCULINO,75+,8,2,MEDIO
PIURA,SULLANA,FEMENINO,0-17,5,2,MEDIO
PIURA,SULLANA,FEMENINO,0-17,6,1,BAJO
PIURA,SULLANA,FEMENINO,18-29,5,1,BAJO
PIURA,SULLANA,FEMENINO,18-29,6,1,BAJO
PIURA,SULLANA,FEMENINO,18-29,8,1,BAJO
PIURA,SULLANA,FEMENINO,30-44,4,2,MEDIO
PIURA,SULLANA,FEMENINO,30-44,5,3,MEDIO
PIURA,SULLANA,FEMENINO,30-44,6,3,MEDIO
PIURA,SULLANA,FEMENINO,30-44,7,2,MEDIO
PIURA,SULLANA,FEMENINO,45-59,5,13,ALTO
PIURA,SULLANA,FEMENINO,45-59,6,9,ALTO
PIURA,SULLANA,FEMENINO,45-59,7,3,MEDIO
PIURA,SULLANA,FEMENINO,45-59,8,1,BAJO
PIURA,SULLANA,FEMENINO,60-74,4,2,MEDIO
PIURA,SULLANA,FEMENINO,60-74,5,24,ALTO
PIURA,SULLANA,FEMENINO,60-74,6,12,ALTO
PIURA,SULLANA,FEMENINO,60-74,7,4,ALTO
PIURA,SULLANA,FEMENINO,60-74,8,3,MEDIO
PIURA,SULLANA,FEMENINO,75+,4,3,MEDIO
PIURA,SULLANA,FEMENINO,75+,5,18,ALTO
PIURA,SULLANA,FEMENINO,75+,6,17,ALTO
PIURA,SULLANA,FEMENINO,75+,7,6,ALTO
PIURA,SULLANA,FEMENINO,75+,8,3,MEDIO
PIURA,SULLANA,MASCULINO,0-17,6,1,BAJO
PIURA,SULLANA,MASCULINO,30-44,4,1,BAJO
PIURA,SULLANA,MASCULINO,30-44,5,5,ALTO
PIURA,SULLANA,MASCULINO,45-59,4,4,ALTO
PIURA,SULLANA,MASCULINO,45-59,5,22,ALTO
PIURA,SULLANA,MASCULINO,45-59,6,17,ALTO
PIURA,SULLANA,MASCULINO,45-59,7,6,ALTO
PIURA,SULLANA,MASCULINO,45-59,8,2,MEDIO
PIURA,SULLANA,MASCULINO,60-74,4,7,ALTO
PIURA,SULLANA,MASCULINO,60-74,5,35,ALTO
PIURA,SULLANA,MASCULINO,60-74,6,33,ALTO
PIURA,SULLANA,MASCULINO,60-74,7,8,ALTO
PIURA,SULLANA,MASCULINO,60-74,8,3,MEDIO
PIURA,SULLANA,MASCULINO,75+,3,1,BAJO
PIURA,SULLANA,MASCULINO,75+,4,1,BAJO
PIURA,SULLANA,MASCULINO,75+,5,28,ALTO
PIURA,SULLANA,MASCULINO,75+,6,30,ALTO
PIURA,SULLANA,MASCULINO,75+,7,13,ALTO
PIURA,SULLANA,MASCULINO,75+,8,7,ALTO
PIURA,TALARA,FEMENINO,30-44,6,1,BAJO
PIURA,TALARA,FEMENINO,30-44,7,1,BAJO
PIURA,TALARA,FEMENINO,45-59,5,5,ALTO
PIURA,TALARA,FEMENINO,45-59,6,4,ALTO
PIURA,TALARA,FEMENINO,45-59,7,1,BAJO
PIURA,TALARA,FEMENINO,60-74,4,1,BAJO
PIURA,TALARA,FEMENINO,60-74,5,3,MEDIO
PIURA,TALARA,FEMENINO,60-74,6,8,ALTO
PIURA,TALARA,FEMENINO,60-74,7,1,BAJO
PIURA,TALARA,FEMENINO,60-74,8,2,MEDIO
PIURA,TALARA,FEMENINO,75+,4,1,BAJO
PIURA,TALARA,FEMENINO,75+,5,3,MEDIO
PIURA,TALARA,FEMENINO,75+,6,5,ALTO
PIURA,TALARA,FEMENINO,75+,7,1,BAJO
PIURA,TALARA,MASCULINO,30-44,4,1,BAJO
PIURA,TALARA,MASCULINO,30-44,5,1,BAJO
PIURA,TALARA,MASCULINO,30-44,6,1,BAJO
PIURA,TALARA,MASCULINO,45-59,4,2,MEDIO
PIURA,TALARA,MASCULINO,45-59,5,5,ALTO
PIURA,TALARA,MASCULINO,45-59,6,16,ALTO
PIURA,TALARA,MASCULINO,45-59,8,2,MEDIO
PIURA,TALARA,MASCULINO,60-74,5,4,ALTO
PIURA,TALARA,MASCULINO,60-74,6,15,ALTO
PIURA,TALARA,MASCULINO,60-74,7,4,ALTO
PIURA,TALARA,MASCULINO,60-74,8,1,BAJO
PIURA,TALARA,MASCULINO,75+,5,4,ALTO
PIURA,TALARA,MASCULINO,75+,6,11,ALTO
PIURA,TALARA,MASCULINO,75+,7,1,BAJO
PIURA,TALARA,MASCULINO,75+,8,2,MEDIO
PUNO,AZANGARO,FEMENINO,30-44,7,1,BAJO
PUNO,AZANGARO,FEMENINO,30-44,8,1,BAJO
PUNO,AZANGARO,FEMENINO,60-74,7,1,BAJO
PUNO,AZANGARO,FEMENINO,60-74,8,1,BAJO
PUNO,AZANGARO,MASCULINO,30-44,7,1,BAJO
PUNO,AZANGARO,MASCULINO,60-74,7,1,BAJO
PUNO,AZANGARO,MASCULINO,60-74,8,1,BAJO
PUNO,AZANGARO,MASCULINO,75+,8,1,BAJO
PUNO,CARABAYA,MASCULINO,45-59,8,2,MEDIO
PUNO,CARABAYA,MASCULINO,60-74,6,1,BAJO
PUNO,CHUCUITO,MASCULINO,75+,5,1,BAJO
PUNO,EL COLLAO,FEMENINO,45-59,7,1,BAJO
PUNO,EL COLLAO,FEMENINO,75+,7,1,BAJO
PUNO,EL COLLAO,MASCULINO,45-59,6,1,BAJO
PUNO,EL COLLAO,MASCULINO,45-59,8,2,MEDIO
PUNO,EL COLLAO,MASCULINO,60-74,7,2,MEDIO
PUNO,EL COLLAO,MASCULINO,75+,8,2,MEDIO
PUNO,HUANCANE,FEMENINO,45-59,6,1,BAJO
PUNO,HUANCANE,FEMENINO,45-59,8,1,BAJO
PUNO,HUANCANE,FEMENINO,60-74,6,1,BAJO
PUNO,HUANCANE,FEMENINO,60-74,7,1,BAJO
PUNO,HUANCANE,FEMENINO,60-74,8,1,BAJO
PUNO,HUANCANE,FEMENINO,75+,7,1,BAJO
PUNO,HUANCANE,FEMENINO,75+,8,1,BAJO
PUNO,HUANCANE,MASCULINO,30-44,5,1,BAJO
PUNO,HUANCANE,MASCULINO,45-59,8,2,MEDIO
PUNO,HUANCANE,MASCULINO,60-74,5,1,BAJO
PUNO,HUANCANE,MASCULINO,60-74,7,2,MEDIO
PUNO,HUANCANE,MASCULINO,60-74,8,2,MEDIO
PUNO,HUANCANE,MASCULINO,75+,8,2,MEDIO
PUNO,LAMPA,FEMENINO,45-59,7,1,BAJO
PUNO,LAMPA,FEMENINO,45-59,8,1,BAJO
PUNO,LAMPA,FEMENINO,75+,6,3,MEDIO
PUNO,MELGAR,FEMENINO,60-74,7,1,BAJO
PUNO,MELGAR,FEMENINO,60-74,8,1,BAJO
PUNO,MELGAR,MASCULINO,45-59,7,1,BAJO
PUNO,MELGAR,MASCULINO,60-74,8,1,BAJO
PUNO,MOHO,MASCULINO,45-59,7,1,BAJO
PUNO,PUNO,FEMENINO,45-59,8,1,BAJO
PUNO,PUNO,FEMENINO,60-74,5,1,BAJO
PUNO,PUNO,FEMENINO,60-74,6,2,MEDIO
PUNO,PUNO,FEMENINO,60-74,8,4,ALTO
PUNO,PUNO,FEMENINO,75+,8,1,BAJO
PUNO,PUNO,MASCULINO,30-44,8,3,MEDIO
PUNO,PUNO,MASCULINO,45-59,6,2,MEDIO
PUNO,PUNO,MASCULINO,45-59,7,2,MEDIO
PUNO,PUNO,MASCULINO,45-59,8,5,ALTO
PUNO,PUNO,MASCULINO,60-74,6,1,BAJO
PUNO,PUNO,MASCULINO,60-74,7,3,MEDIO
PUNO,PUNO,MASCULINO,60-74,8,11,ALTO
PUNO,PUNO,MASCULINO,75+,7,1,BAJO
PUNO,PUNO,MASCULINO,75+,8,3,MEDIO
PUNO,SAN ANTONIO DE PUTINA,FEMENINO,30-44,7,1,BAJO
PUNO,SAN ANTONIO DE PUTINA,MASCULINO,45-59,6,1,BAJO
PUNO,SAN ROMAN,FEMENINO,0-17,7,1,BAJO
PUNO,SAN ROMAN,FEMENINO,18-29,6,1,BAJO
PUNO,SAN ROMAN,FEMENINO,18-29,7,2,MEDIO
PUNO,SAN ROMAN,FEMENINO,30-44,6,1,BAJO
PUNO,SAN ROMAN,FEMENINO,30-44,8,1,BAJO
PUNO,SAN ROMAN,FEMENINO,45-59,6,1,BAJO
PUNO,SAN ROMAN,FEMENINO,45-59,7,2,MEDIO
PUNO,SAN ROMAN,FEMENINO,45-59,8,1,BAJO
PUNO,SAN ROMAN,FEMENINO,60-74,5,1,BAJO
PUNO,SAN ROMAN,FEMENINO,60-74,6,1,BAJO
PUNO,SAN ROMAN,FEMENINO,60-74,7,1,BAJO
PUNO,SAN ROMAN,FEMENINO,60-74,8,4,ALTO
PUNO,SAN ROMAN,FEMENINO,75+,6,1,BAJO
PUNO,SAN ROMAN,FEMENINO,75+,7,1,BAJO
PUNO,SAN ROMAN,FEMENINO,75+,8,1,BAJO
PUNO,SAN ROMAN,MASCULINO,0-17,6,1,BAJO
PUNO,SAN ROMAN,MASCULINO,30-44,7,3,MEDIO
PUNO,SAN ROMAN,MASCULINO,45-59,7,9,ALTO
PUNO,SAN ROMAN,MASCULINO,45-59,8,7,ALTO
PUNO,SAN ROMAN,MASCULINO,60-74,4,2,MEDIO
PUNO,SAN ROMAN,MASCULINO,60-74,6,3,MEDIO
PUNO,SAN ROMAN,MASCULINO,60-74,7,9,ALTO
PUNO,SAN ROMAN,MASCULINO,60-74,8,10,ALTO
PUNO,SAN ROMAN,MASCULINO,75+,7,1,BAJO
PUNO,SAN ROMAN,MASCULINO,75+,8,1,BAJO
PUNO,SANDIA,FEMENINO,60-74,6,1,BAJO
PUNO,SANDIA,MASCULINO,45-59,8,1,BAJO
PUNO,SANDIA,MASCULINO,60-74,6,1,BAJO
PUNO,SANDIA,MASCULINO,60-74,7,1,BAJO
PUNO,YUNGUYO,FEMENINO,60-74,5,1,BAJO
PUNO,YUNGUYO,MASCULINO,60-74,7,2,MEDIO
PUNO,YUNGUYO,MASCULINO,60-74,8,1,BAJO
PUNO,YUNGUYO,MASCULINO,75+,7,1,BAJO
SAN MARTIN,BELLAVISTA,FEMENINO,30-44,6,1,BAJO
SAN MARTIN,BELLAVISTA,FEMENINO,30-44,7,1,BAJO
SAN MARTIN,BELLAVISTA,FEMENINO,45-59,6,2,MEDIO
SAN MARTIN,BELLAVISTA,FEMENINO,60-74,6,1,BAJO
SAN MARTIN,BELLAVISTA,FEMENINO,75+,5,1,BAJO
SAN MARTIN,BELLAVISTA,MASCULINO,30-44,6,1,BAJO
SAN MARTIN,BELLAVISTA,MASCULINO,30-44,7,1,BAJO
SAN MARTIN,BELLAVISTA,MASCULINO,45-59,6,3,MEDIO
SAN MARTIN,BELLAVISTA,MASCULINO,45-59,7,5,ALTO
SAN MARTIN,BELLAVISTA,MASCULINO,60-74,5,3,MEDIO
SAN MARTIN,BELLAVISTA,MASCULINO,60-74,6,1,BAJO
SAN MARTIN,BELLAVISTA,MASCULINO,60-74,7,5,ALTO
SAN MARTIN,BELLAVISTA,MASCULINO,75+,6,3,MEDIO
SAN MARTIN,BELLAVISTA,MASCULINO,75+,7,1,BAJO
SAN MARTIN,EL DORADO,FEMENINO,18-29,6,1,BAJO
SAN MARTIN,EL DORADO,FEMENINO,60-74,7,1,BAJO
SAN MARTIN,EL DORADO,FEMENINO,75+,6,1,BAJO
SAN MARTIN,EL DORADO,MASCULINO,0-17,7,1,BAJO
SAN MARTIN,EL DORADO,MASCULINO,30-44,7,2,MEDIO
SAN MARTIN,EL DORADO,MASCULINO,45-59,7,1,BAJO
SAN MARTIN,EL DORADO,MASCULINO,60-74,6,2,MEDIO
SAN MARTIN,EL DORADO,MASCULINO,60-74,7,2,MEDIO
SAN MARTIN,EL DORADO,MASCULINO,75+,6,1,BAJO
SAN MARTIN,EL DORADO,MASCULINO,75+,7,7,ALTO
SAN MARTIN,EL DORADO,MASCULINO,75+,8,1,BAJO
SAN MARTIN,HUALLAGA,FEMENINO,0-17,6,1,BAJO
SAN MARTIN,HUALLAGA,FEMENINO,45-59,7,1,BAJO
SAN MARTIN,HUALLAGA,MASCULINO,45-59,7,2,MEDIO
SAN MARTIN,HUALLAGA,MASCULINO,45-59,8,1,BAJO
SAN MARTIN,HUALLAGA,MASCULINO,60-74,6,2,MEDIO
SAN MARTIN,HUALLAGA,MASCULINO,60-74,7,2,MEDIO
SAN MARTIN,HUALLAGA,MASCULINO,75+,6,2,MEDIO
SAN MARTIN,LAMAS,FEMENINO,0-17,8,1,BAJO
SAN MARTIN,LAMAS,FEMENINO,30-44,6,2,MEDIO
SAN MARTIN,LAMAS,FEMENINO,45-59,6,1,BAJO
SAN MARTIN,LAMAS,FEMENINO,45-59,7,1,BAJO
SAN MARTIN,LAMAS,FEMENINO,60-74,8,1,BAJO
SAN MARTIN,LAMAS,FEMENINO,75+,5,1,BAJO
SAN MARTIN,LAMAS,FEMENINO,75+,6,1,BAJO
SAN MARTIN,LAMAS,FEMENINO,75+,7,2,MEDIO
SAN MARTIN,LAMAS,FEMENINO,75+,8,1,BAJO
SAN MARTIN,LAMAS,MASCULINO,0-17,6,1,BAJO
SAN MARTIN,LAMAS,MASCULINO,30-44,6,2,MEDIO
SAN MARTIN,LAMAS,MASCULINO,30-44,7,1,BAJO
SAN MARTIN,LAMAS,MASCULINO,45-59,6,2,MEDIO
SAN MARTIN,LAMAS,MASCULINO,45-59,7,4,ALTO
SAN MARTIN,LAMAS,MASCULINO,45-59,8,1,BAJO
SAN MARTIN,LAMAS,MASCULINO,60-74,6,3,MEDIO
SAN MARTIN,LAMAS,MASCULINO,60-74,7,4,ALTO
SAN MARTIN,LAMAS,MASCULINO,60-74,8,2,MEDIO
SAN MARTIN,LAMAS,MASCULINO,75+,6,2,MEDIO
SAN MARTIN,LAMAS,MASCULINO,75+,7,2,MEDIO
SAN MARTIN,MARISCAL CACERES,FEMENINO,45-59,6,6,ALTO
SAN MARTIN,MARISCAL CACERES,FEMENINO,45-59,7,1,BAJO
SAN MARTIN,MARISCAL CACERES,FEMENINO,60-74,5,1,BAJO
SAN MARTIN,MARISCAL CACERES,FEMENINO,60-74,6,6,ALTO
SAN MARTIN,MARISCAL CACERES,FEMENINO,75+,5,4,ALTO
SAN MARTIN,MARISCAL CACERES,FEMENINO,75+,6,11,ALTO
SAN MARTIN,MARISCAL CACERES,FEMENINO,75+,7,2,MEDIO
SAN MARTIN,MARISCAL CACERES,MASCULINO,18-29,7,1,BAJO
SAN MARTIN,MARISCAL CACERES,MASCULINO,30-44,6,3,MEDIO
SAN MARTIN,MARISCAL CACERES,MASCULINO,30-44,7,1,BAJO
SAN MARTIN,MARISCAL CACERES,MASCULINO,45-59,5,1,BAJO
SAN MARTIN,MARISCAL CACERES,MASCULINO,45-59,6,13,ALTO
SAN MARTIN,MARISCAL CACERES,MASCULINO,45-59,7,4,ALTO
SAN MARTIN,MARISCAL CACERES,MASCULINO,45-59,8,1,BAJO
SAN MARTIN,MARISCAL CACERES,MASCULINO,60-74,5,1,BAJO
SAN MARTIN,MARISCAL CACERES,MASCULINO,60-74,6,16,ALTO
SAN MARTIN,MARISCAL CACERES,MASCULINO,60-74,7,1,BAJO
SAN MARTIN,MARISCAL CACERES,MASCULINO,75+,6,27,ALTO
SAN MARTIN,MARISCAL CACERES,MASCULINO,75+,7,2,MEDIO
SAN MARTIN,MOYOBAMBA,FEMENINO,30-44,4,1,BAJO
SAN MARTIN,MOYOBAMBA,FEMENINO,45-59,7,1,BAJO
SAN MARTIN,MOYOBAMBA,FEMENINO,45-59,8,2,MEDIO
SAN MARTIN,MOYOBAMBA,FEMENINO,60-74,5,1,BAJO
SAN MARTIN,MOYOBAMBA,FEMENINO,60-74,6,1,BAJO
SAN MARTIN,MOYOBAMBA,FEMENINO,60-74,7,1,BAJO
SAN MARTIN,MOYOBAMBA,FEMENINO,60-74,8,2,MEDIO
SAN MARTIN,MOYOBAMBA,FEMENINO,75+,4,1,BAJO
SAN MARTIN,MOYOBAMBA,FEMENINO,75+,6,1,BAJO
SAN MARTIN,MOYOBAMBA,FEMENINO,75+,7,3,MEDIO
SAN MARTIN,MOYOBAMBA,FEMENINO,75+,8,1,BAJO
SAN MARTIN,MOYOBAMBA,MASCULINO,18-29,6,2,MEDIO
SAN MARTIN,MOYOBAMBA,MASCULINO,18-29,8,1,BAJO
SAN MARTIN,MOYOBAMBA,MASCULINO,30-44,5,1,BAJO
SAN MARTIN,MOYOBAMBA,MASCULINO,30-44,7,2,MEDIO
SAN MARTIN,MOYOBAMBA,MASCULINO,45-59,6,1,BAJO
SAN MARTIN,MOYOBAMBA,MASCULINO,45-59,7,5,ALTO
SAN MARTIN,MOYOBAMBA,MASCULINO,45-59,8,1,BAJO
SAN MARTIN,MOYOBAMBA,MASCULINO,60-74,3,1,BAJO
SAN MARTIN,MOYOBAMBA,MASCULINO,60-74,6,7,ALTO
SAN MARTIN,MOYOBAMBA,MASCULINO,60-74,7,5,ALTO
SAN MARTIN,MOYOBAMBA,MASCULINO,60-74,8,2,MEDIO
SAN MARTIN,MOYOBAMBA,MASCULINO,75+,6,1,BAJO
SAN MARTIN,MOYOBAMBA,MASCULINO,75+,7,4,ALTO
SAN MARTIN,MOYOBAMBA,MASCULINO,75+,8,2,MEDIO
SAN MARTIN,NO REGISTRADO,FEMENINO,45-59,5,2,MEDIO
SAN MARTIN,NO REGISTRADO,FEMENINO,75+,5,2,MEDIO
SAN MARTIN,NO REGISTRADO,MASCULINO,0-17,5,1,BAJO
SAN MARTIN,NO REGISTRADO,MASCULINO,30-44,5,1,BAJO
SAN MARTIN,NO REGISTRADO,MASCULINO,60-74,5,6,ALTO
SAN MARTIN,NO REGISTRADO,MASCULINO,75+,5,1,BAJO
SAN MARTIN,PICOTA,FEMENINO,45-59,5,1,BAJO
SAN MARTIN,PICOTA,FEMENINO,60-74,6,2,MEDIO
SAN MARTIN,PICOTA,FEMENINO,75+,5,1,BAJO
SAN MARTIN,PICOTA,FEMENINO,75+,6,4,ALTO
SAN MARTIN,PICOTA,FEMENINO,75+,7,1,BAJO
SAN MARTIN,PICOTA,MASCULINO,30-44,6,2,MEDIO
SAN MARTIN,PICOTA,MASCULINO,30-44,7,1,BAJO
SAN MARTIN,PICOTA,MASCULINO,45-59,7,2,MEDIO
SAN MARTIN,PICOTA,MASCULINO,45-59,8,1,BAJO
SAN MARTIN,PICOTA,MASCULINO,60-74,6,8,ALTO
SAN MARTIN,PICOTA,MASCULINO,60-74,7,3,MEDIO
SAN MARTIN,PICOTA,MASCULINO,75+,7,1,BAJO
SAN MARTIN,RIOJA,FEMENINO,18-29,5,1,BAJO
SAN MARTIN,RIOJA,FEMENINO,30-44,7,1,BAJO
SAN MARTIN,RIOJA,FEMENINO,45-59,7,2,MEDIO
SAN MARTIN,RIOJA,FEMENINO,45-59,8,1,BAJO
SAN MARTIN,RIOJA,FEMENINO,60-74,4,1,BAJO
SAN MARTIN,RIOJA,FEMENINO,60-74,6,1,BAJO
SAN MARTIN,RIOJA,FEMENINO,60-74,7,3,MEDIO
SAN MARTIN,RIOJA,FEMENINO,75+,6,3,MEDIO
SAN MARTIN,RIOJA,FEMENINO,75+,7,2,MEDIO
SAN MARTIN,RIOJA,MASCULINO,0-17,5,1,BAJO
SAN MARTIN,RIOJA,MASCULINO,18-29,6,1,BAJO
SAN MARTIN,RIOJA,MASCULINO,30-44,7,2,MEDIO
SAN MARTIN,RIOJA,MASCULINO,30-44,8,1,BAJO
SAN MARTIN,RIOJA,MASCULINO,45-59,6,3,MEDIO
SAN MARTIN,RIOJA,MASCULINO,45-59,7,1,BAJO
SAN MARTIN,RIOJA,MASCULINO,45-59,8,3,MEDIO
SAN MARTIN,RIOJA,MASCULINO,60-74,6,2,MEDIO
SAN MARTIN,RIOJA,MASCULINO,60-74,8,1,BAJO
SAN MARTIN,RIOJA,MASCULINO,75+,6,3,MEDIO
SAN MARTIN,RIOJA,MASCULINO,75+,7,4,ALTO
SAN MARTIN,RIOJA,MASCULINO,75+,8,2,MEDIO
SAN MARTIN,SAN MARTIN,FEMENINO,18-29,6,1,BAJO
SAN MARTIN,SAN MARTIN,FEMENINO,30-44,6,7,ALTO
SAN MARTIN,SAN MARTIN,FEMENINO,45-59,6,14,ALTO
SAN MARTIN,SAN MARTIN,FEMENINO,45-59,7,4,ALTO
SAN MARTIN,SAN MARTIN,FEMENINO,60-74,4,1,BAJO
SAN MARTIN,SAN MARTIN,FEMENINO,60-74,5,1,BAJO
SAN MARTIN,SAN MARTIN,FEMENINO,60-74,6,20,ALTO
SAN MARTIN,SAN MARTIN,FEMENINO,60-74,7,5,ALTO
SAN MARTIN,SAN MARTIN,FEMENINO,75+,5,1,BAJO
SAN MARTIN,SAN MARTIN,FEMENINO,75+,6,20,ALTO
SAN MARTIN,SAN MARTIN,FEMENINO,75+,7,6,ALTO
SAN MARTIN,SAN MARTIN,MASCULINO,0-17,6,1,BAJO
SAN MARTIN,SAN MARTIN,MASCULINO,18-29,6,1,BAJO
SAN MARTIN,SAN MARTIN,MASCULINO,30-44,5,2,MEDIO
SAN MARTIN,SAN MARTIN,MASCULINO,30-44,6,20,ALTO
SAN MARTIN,SAN MARTIN,MASCULINO,30-44,7,6,ALTO
SAN MARTIN,SAN MARTIN,MASCULINO,30-44,8,1,BAJO
SAN MARTIN,SAN MARTIN,MASCULINO,45-59,5,1,BAJO
SAN MARTIN,SAN MARTIN,MASCULINO,45-59,6,42,ALTO
SAN MARTIN,SAN MARTIN,MASCULINO,45-59,7,10,ALTO
SAN MARTIN,SAN MARTIN,MASCULINO,60-74,5,7,ALTO
SAN MARTIN,SAN MARTIN,MASCULINO,60-74,6,53,ALTO
SAN MARTIN,SAN MARTIN,MASCULINO,60-74,7,19,ALTO
SAN MARTIN,SAN MARTIN,MASCULINO,60-74,8,1,BAJO
SAN MARTIN,SAN MARTIN,MASCULINO,75+,4,1,BAJO
SAN MARTIN,SAN MARTIN,MASCULINO,75+,5,3,MEDIO
SAN MARTIN,SAN MARTIN,MASCULINO,75+,6,29,ALTO
SAN MARTIN,SAN MARTIN,MASCULINO,75+,7,10,ALTO
SAN MARTIN,SAN MARTIN,MASCULINO,75+,8,1,BAJO
SAN MARTIN,TOCACHE,FEMENINO,18-29,6,1,BAJO
SAN MARTIN,TOCACHE,FEMENINO,30-44,6,1,BAJO
SAN MARTIN,TOCACHE,FEMENINO,45-59,6,2,MEDIO
SAN MARTIN,TOCACHE,FEMENINO,60-74,6,2,MEDIO
SAN MARTIN,TOCACHE,FEMENINO,60-74,7,1,BAJO
SAN MARTIN,TOCACHE,FEMENINO,75+,7,1,BAJO
SAN MARTIN,TOCACHE,MASCULINO,45-59,4,1,BAJO
SAN MARTIN,TOCACHE,MASCULINO,45-59,6,1,BAJO
SAN MARTIN,TOCACHE,MASCULINO,60-74,6,3,MEDIO
SAN MARTIN,TOCACHE,MASCULINO,60-74,7,5,ALTO
SAN MARTIN,TOCACHE,MASCULINO,60-74,8,4,ALTO
SAN MARTIN,TOCACHE,MASCULINO,75+,6,1,BAJO
SAN MARTIN,TOCACHE,MASCULINO,75+,7,2,MEDIO
SAN MARTIN,TOCACHE,MASCULINO,75+,8,1,BAJO
TACNA,CANDARAVE,MASCULINO,45-59,6,1,BAJO
TACNA,CANDARAVE,MASCULINO,75+,8,1,BAJO
TACNA,JORGE BASADRE,MASCULINO,60-74,8,2,MEDIO
TACNA,JORGE BASADRE,MASCULINO,75+,7,2,MEDIO
TACNA,TACNA,FEMENINO,30-44,6,1,BAJO
TACNA,TACNA,FEMENINO,30-44,7,2,MEDIO
TACNA,TACNA,FEMENINO,45-59,5,1,BAJO
TACNA,TACNA,FEMENINO,45-59,7,2,MEDIO
TACNA,TACNA,FEMENINO,45-59,8,3,MEDIO
TACNA,TACNA,FEMENINO,60-74,6,3,MEDIO
TACNA,TACNA,FEMENINO,60-74,7,7,ALTO
TACNA,TACNA,FEMENINO,60-74,8,4,ALTO
TACNA,TACNA,FEMENINO,75+,5,1,BAJO
TACNA,TACNA,FEMENINO,75+,6,2,MEDIO
TACNA,TACNA,FEMENINO,75+,7,3,MEDIO
TACNA,TACNA,FEMENINO,75+,8,1,BAJO
TACNA,TACNA,MASCULINO,18-29,8,1,BAJO
TACNA,TACNA,MASCULINO,30-44,5,1,BAJO
TACNA,TACNA,MASCULINO,30-44,6,1,BAJO
TACNA,TACNA,MASCULINO,30-44,7,2,MEDIO
TACNA,TACNA,MASCULINO,30-44,8,1,BAJO
TACNA,TACNA,MASCULINO,45-59,5,4,ALTO
TACNA,TACNA,MASCULINO,45-59,6,3,MEDIO
TACNA,TACNA,MASCULINO,45-59,7,5,ALTO
TACNA,TACNA,MASCULINO,45-59,8,6,ALTO
TACNA,TACNA,MASCULINO,60-74,4,1,BAJO
TACNA,TACNA,MASCULINO,60-74,5,1,BAJO
TACNA,TACNA,MASCULINO,60-74,6,4,ALTO
TACNA,TACNA,MASCULINO,60-74,7,8,ALTO
TACNA,TACNA,MASCULINO,60-74,8,13,ALTO
TACNA,TACNA,MASCULINO,75+,5,2,MEDIO
TACNA,TACNA,MASCULINO,75+,6,1,BAJO
TACNA,TACNA,MASCULINO,75+,7,10,ALTO
TACNA,TACNA,MASCULINO,75+,8,6,ALTO
TUMBES,CONTRALMIRANTE VILLAR,FEMENINO,30-44,7,1,BAJO
TUMBES,CONTRALMIRANTE VILLAR,FEMENINO,45-59,7,1,BAJO
TUMBES,CONTRALMIRANTE VILLAR,FEMENINO,60-74,5,2,MEDIO
TUMBES,CONTRALMIRANTE VILLAR,FEMENINO,60-74,6,1,BAJO
TUMBES,CONTRALMIRANTE VILLAR,FEMENINO,75+,5,1,BAJO
TUMBES,CONTRALMIRANTE VILLAR,FEMENINO,75+,6,2,MEDIO
TUMBES,CONTRALMIRANTE VILLAR,MASCULINO,45-59,5,1,BAJO
TUMBES,CONTRALMIRANTE VILLAR,MASCULINO,45-59,6,3,MEDIO
TUMBES,CONTRALMIRANTE VILLAR,MASCULINO,60-74,4,1,BAJO
TUMBES,CONTRALMIRANTE VILLAR,MASCULINO,60-74,5,1,BAJO
TUMBES,CONTRALMIRANTE VILLAR,MASCULINO,60-74,6,3,MEDIO
TUMBES,CONTRALMIRANTE VILLAR,MASCULINO,75+,4,2,MEDIO
TUMBES,CONTRALMIRANTE VILLAR,MASCULINO,75+,5,1,BAJO
TUMBES,CONTRALMIRANTE VILLAR,MASCULINO,75+,6,2,MEDIO
TUMBES,NO REGISTRADO,FEMENINO,60-74,5,1,BAJO
TUMBES,NO REGISTRADO,MASCULINO,30-44,5,1,BAJO
TUMBES,NO REGISTRADO,MASCULINO,45-59,5,3,MEDIO
TUMBES,NO REGISTRADO,MASCULINO,75+,5,3,MEDIO
TUMBES,TUMBES,FEMENINO,0-17,5,1,BAJO
TUMBES,TUMBES,FEMENINO,30-44,5,2,MEDIO
TUMBES,TUMBES,FEMENINO,30-44,8,1,BAJO
TUMBES,TUMBES,FEMENINO,45-59,5,4,ALTO
TUMBES,TUMBES,FEMENINO,45-59,6,7,ALTO
TUMBES,TUMBES,FEMENINO,45-59,7,2,MEDIO
TUMBES,TUMBES,FEMENINO,45-59,8,1,BAJO
TUMBES,TUMBES,FEMENINO,60-74,4,1,BAJO
TUMBES,TUMBES,FEMENINO,60-74,5,10,ALTO
TUMBES,TUMBES,FEMENINO,60-74,6,11,ALTO
TUMBES,TUMBES,FEMENINO,75+,4,1,BAJO
TUMBES,TUMBES,FEMENINO,75+,5,5,ALTO
TUMBES,TUMBES,FEMENINO,75+,6,7,ALTO
TUMBES,TUMBES,FEMENINO,75+,7,2,MEDIO
TUMBES,TUMBES,MASCULINO,30-44,5,2,MEDIO
TUMBES,TUMBES,MASCULINO,30-44,8,1,BAJO
TUMBES,TUMBES,MASCULINO,45-59,4,3,MEDIO
TUMBES,TUMBES,MASCULINO,45-59,5,10,ALTO
TUMBES,TUMBES,MASCULINO,45-59,6,10,ALTO
TUMBES,TUMBES,MASCULINO,45-59,7,1,BAJO
TUMBES,TUMBES,MASCULINO,60-74,4,4,ALTO
TUMBES,TUMBES,MASCULINO,60-74,5,21,ALTO
TUMBES,TUMBES,MASCULINO,60-74,6,34,ALTO
TUMBES,TUMBES,MASCULINO,60-74,7,6,ALTO
TUMBES,TUMBES,MASCULINO,60-74,8,1,BAJO
TUMBES,TUMBES,MASCULINO,75+,4,6,ALTO
TUMBES,TUMBES,MASCULINO,75+,5,15,ALTO
TUMBES,TUMBES,MASCULINO,75+,6,14,ALTO
TUMBES,TUMBES,MASCULINO,75+,7,2,MEDIO
TUMBES,TUMBES,MASCULINO,75+,8,1,BAJO
TUMBES,ZARUMILLA,FEMENINO,30-44,4,2,MEDIO
TUMBES,ZARUMILLA,FEMENINO,45-59,4,1,BAJO
TUMBES,ZARUMILLA,FEMENINO,45-59,6,2,MEDIO
TUMBES,ZARUMILLA,FEMENINO,45-59,7,1,BAJO
TUMBES,ZARUMILLA,FEMENINO,60-74,4,2,MEDIO
TUMBES,ZARUMILLA,FEMENINO,60-74,5,4,ALTO
TUMBES,ZARUMILLA,FEMENINO,60-74,6,3,MEDIO
TUMBES,ZARUMILLA,FEMENINO,60-74,7,1,BAJO
TUMBES,ZARUMILLA,FEMENINO,75+,4,1,BAJO
TUMBES,ZARUMILLA,FEMENINO,75+,6,2,MEDIO
TUMBES,ZARUMILLA,MASCULINO,30-44,5,2,MEDIO
TUMBES,ZARUMILLA,MASCULINO,30-44,6,1,BAJO
TUMBES,ZARUMILLA,MASCULINO,45-59,3,1,BAJO
TUMBES,ZARUMILLA,MASCULINO,45-59,4,1,BAJO
TUMBES,ZARUMILLA,MASCULINO,45-59,5,1,BAJO
TUMBES,ZARUMILLA,MASCULINO,45-59,6,3,MEDIO
TUMBES,ZARUMILLA,MASCULINO,60-74,4,2,MEDIO
TUMBES,ZARUMILLA,MASCULINO,60-74,5,6,ALTO
TUMBES,ZARUMILLA,MASCULINO,60-74,6,12,ALTO
TUMBES,ZARUMILLA,MASCULINO,75+,4,1,BAJO
TUMBES,ZARUMILLA,MASCULINO,75+,5,2,MEDIO
TUMBES,ZARUMILLA,MASCULINO,75+,6,1,BAJO
UCAYALI,ATALAYA,FEMENINO,60-74,6,1,BAJO
UCAYALI,ATALAYA,MASCULINO,45-59,6,2,MEDIO
UCAYALI,ATALAYA,MASCULINO,60-74,7,1,BAJO
UCAYALI,ATALAYA,MASCULINO,75+,6,1,BAJO
UCAYALI,CORONEL PORTILLO,FEMENINO,0-17,5,1,BAJO
UCAYALI,CORONEL PORTILLO,FEMENINO,0-17,6,2,MEDIO
UCAYALI,CORONEL PORTILLO,FEMENINO,18-29,4,1,BAJO
UCAYALI,CORONEL PORTILLO,FEMENINO,30-44,4,1,BAJO
UCAYALI,CORONEL PORTILLO,FEMENINO,30-44,5,2,MEDIO
UCAYALI,CORONEL PORTILLO,FEMENINO,30-44,6,4,ALTO
UCAYALI,CORONEL PORTILLO,FEMENINO,30-44,7,1,BAJO
UCAYALI,CORONEL PORTILLO,FEMENINO,30-44,8,1,BAJO
UCAYALI,CORONEL PORTILLO,FEMENINO,45-59,4,2,MEDIO
UCAYALI,CORONEL PORTILLO,FEMENINO,45-59,5,5,ALTO
UCAYALI,CORONEL PORTILLO,FEMENINO,45-59,6,5,ALTO
UCAYALI,CORONEL PORTILLO,FEMENINO,45-59,7,1,BAJO
UCAYALI,CORONEL PORTILLO,FEMENINO,45-59,8,1,BAJO
UCAYALI,CORONEL PORTILLO,FEMENINO,60-74,4,4,ALTO
UCAYALI,CORONEL PORTILLO,FEMENINO,60-74,5,2,MEDIO
UCAYALI,CORONEL PORTILLO,FEMENINO,60-74,6,7,ALTO
UCAYALI,CORONEL PORTILLO,FEMENINO,60-74,7,4,ALTO
UCAYALI,CORONEL PORTILLO,FEMENINO,60-74,8,2,MEDIO
UCAYALI,CORONEL PORTILLO,FEMENINO,75+,5,2,MEDIO
UCAYALI,CORONEL PORTILLO,FEMENINO,75+,6,6,ALTO
UCAYALI,CORONEL PORTILLO,MASCULINO,0-17,5,1,BAJO
UCAYALI,CORONEL PORTILLO,MASCULINO,0-17,6,3,MEDIO
UCAYALI,CORONEL PORTILLO,MASCULINO,18-29,5,1,BAJO
UCAYALI,CORONEL PORTILLO,MASCULINO,18-29,7,1,BAJO
UCAYALI,CORONEL PORTILLO,MASCULINO,30-44,5,4,ALTO
UCAYALI,CORONEL PORTILLO,MASCULINO,30-44,6,4,ALTO
UCAYALI,CORONEL PORTILLO,MASCULINO,30-44,7,2,MEDIO
UCAYALI,CORONEL PORTILLO,MASCULINO,30-44,8,1,BAJO
UCAYALI,CORONEL PORTILLO,MASCULINO,45-59,4,10,ALTO
UCAYALI,CORONEL PORTILLO,MASCULINO,45-59,5,14,ALTO
UCAYALI,CORONEL PORTILLO,MASCULINO,45-59,6,13,ALTO
UCAYALI,CORONEL PORTILLO,MASCULINO,45-59,7,2,MEDIO
UCAYALI,CORONEL PORTILLO,MASCULINO,45-59,8,2,MEDIO
UCAYALI,CORONEL PORTILLO,MASCULINO,60-74,4,14,ALTO
UCAYALI,CORONEL PORTILLO,MASCULINO,60-74,5,24,ALTO
UCAYALI,CORONEL PORTILLO,MASCULINO,60-74,6,10,ALTO
UCAYALI,CORONEL PORTILLO,MASCULINO,60-74,7,5,ALTO
UCAYALI,CORONEL PORTILLO,MASCULINO,75+,4,6,ALTO
UCAYALI,CORONEL PORTILLO,MASCULINO,75+,5,12,ALTO
UCAYALI,CORONEL PORTILLO,MASCULINO,75+,6,13,ALTO
UCAYALI,CORONEL PORTILLO,MASCULINO,75+,7,5,ALTO
UCAYALI,CORONEL PORTILLO,MASCULINO,75+,8,2,MEDIO
UCAYALI,NO REGISTRADO,FEMENINO,18-29,4,1,BAJO
UCAYALI,NO REGISTRADO,FEMENINO,45-59,4,2,MEDIO
UCAYALI,NO REGISTRADO,FEMENINO,45-59,5,1,BAJO
UCAYALI,NO REGISTRADO,FEMENINO,60-74,5,2,MEDIO
UCAYALI,NO REGISTRADO,FEMENINO,75+,4,2,MEDIO
UCAYALI,NO REGISTRADO,FEMENINO,75+,5,2,MEDIO
UCAYALI,NO REGISTRADO,MASCULINO,45-59,4,2,MEDIO
UCAYALI,NO REGISTRADO,MASCULINO,45-59,5,5,ALTO
UCAYALI,NO REGISTRADO,MASCULINO,60-74,4,3,MEDIO
UCAYALI,NO REGISTRADO,MASCULINO,60-74,5,11,ALTO
UCAYALI,NO REGISTRADO,MASCULINO,75+,4,4,ALTO
UCAYALI,NO REGISTRADO,MASCULINO,75+,5,8,ALTO
UCAYALI,PADRE ABAD,FEMENINO,18-29,6,1,BAJO
UCAYALI,PADRE ABAD,FEMENINO,30-44,6,1,BAJO
UCAYALI,PADRE ABAD,FEMENINO,30-44,7,1,BAJO
UCAYALI,PADRE ABAD,FEMENINO,45-59,5,1,BAJO
UCAYALI,PADRE ABAD,FEMENINO,45-59,6,1,BAJO
UCAYALI,PADRE ABAD,FEMENINO,45-59,7,1,BAJO
UCAYALI,PADRE ABAD,FEMENINO,60-74,7,2,MEDIO
UCAYALI,PADRE ABAD,FEMENINO,60-74,8,1,BAJO
UCAYALI,PADRE ABAD,MASCULINO,18-29,6,1,BAJO
UCAYALI,PADRE ABAD,MASCULINO,30-44,7,1,BAJO
UCAYALI,PADRE ABAD,MASCULINO,45-59,5,3,MEDIO
UCAYALI,PADRE ABAD,MASCULINO,45-59,6,3,MEDIO
UCAYALI,PADRE ABAD,MASCULINO,45-59,7,2,MEDIO
UCAYALI,PADRE ABAD,MASCULINO,45-59,8,1,BAJO
UCAYALI,PADRE ABAD,MASCULINO,60-74,5,3,MEDIO
UCAYALI,PADRE ABAD,MASCULINO,60-74,6,3,MEDIO
UCAYALI,PADRE ABAD,MASCULINO,60-74,7,2,MEDIO
UCAYALI,PADRE ABAD,MASCULINO,60-74,8,1,BAJO
UCAYALI,PADRE ABAD,MASCULINO,75+,5,1,BAJO
UCAYALI,PADRE ABAD,MASCULINO,75+,6,3,MEDIO
UCAYALI,PADRE ABAD,MASCULINO,75+,7,1,BAJO
